Hardware Vendor,"Nodes	",Form Factor,Result,"ssj_ops @ 100% of target load	","ssj_ops @ 90% of target load	","ssj_ops @ 80% of target load	","ssj_ops @ 70% of target load	","ssj_ops @ 60% of target load	","ssj_ops @ 50% of target load	","ssj_ops @ 40% of target load	","ssj_ops @ 30% of target load	","ssj_ops @ 20% of target load	","ssj_ops @ 10% of target load	","Average watts @ 100% of target load	","Average watts @ 90% of target load	","Average watts @ 80% of target load	","Average watts @ 70% of target load	","Average watts @ 60% of target load	","Average watts @ 50% of target load	","Average watts @ 40% of target load	","Average watts @ 30% of target load	","Average watts @ 20% of target load	","Average watts@10% of target load	","Average watts @ active idle	","Performance/power @ 100% of target load	","Performance/power @ 90% of target load	","Performance/power @ 80% of target load	","Performance/power @ 70% of target load	","Performance/power @ 60% of target load	","Performance/power @ 50% of target load	","Performance/power @ 40% of target load	","Performance/power @ 30% of target load	","Performance/power @ 20% of target load	","Performance/power @ 10% of target load	",# Cores,# Chips ,# Cores Per Chip ,Processor,DIMMS,Power Supply Details,Power Supply Rating (watts)
1,1,1,20908,6060000,5470000,4870000,4270000,3650000,3040000,2440000,1830000,1220000,608773,214,201,189,175,161,149,131,120,109,100,51.4,28358,27149,25789,24360,22626,20457,18621,15320,11206,6061,64,1,64,1,1,1,650
1,1,1,21168,5880000,5310000,4720000,4120000,3530000,2950000,2360000,1770000,1180000,589426,206,191,177,162,149,138,127,117,107,100,56.4,28488,27771,26681,25448,23712,21308,18584,15147,11015,5895,64,1,64,1,1,1,650
1,1,1,20214,11700000,10600000,9390000,8230000,7060000,5880000,4700000,3530000,2350000,1180000,430,400,372,344,311,294,270,244,227,197,106,27225,26427,25215,23940,22690,20014,17378,14480,10357,5973,128,2,64,1,2,2,800
1,1,1,20350,11900000,10800000,9590000,8390000,7200000,6000000,4800000,3600000,2400000,1200000,425,410,377,362,325,307,270,250,222,199,92.9,28081,26352,25432,23190,22169,19520,17788,14416,10829,6025,128,2,64,1,2,2,800
1,1,2,14274,5850000,5280000,4690000,4110000,3520000,2940000,2350000,1760000,1170000,587425,405,328,283,248,213,187,165,147,127,107,47.4,14434,16084,16548,16529,16468,15723,14240,11977,9232,5481,56,2,28,2,3,3,850
1,1,2,14066,5860000,5260000,4690000,4110000,3510000,2930000,2350000,1760000,1170000,589346,412,330,285,249,214,188,165,149,129,109,62.4,14242,15934,16435,16466,16440,15622,14194,11831,9125,5428,56,2,28,2,3,3,850
1,1,2,12727,5390000,4940000,4390000,3840000,3290000,2740000,2200000,1640000,1100000,547494,385,347,306,269,235,205,179,154,129,106,48.2,13982,14234,14341,14304,14002,13366,12295,10695,8483,5157,56,2,28,3,3,3,850
1,4,2,11935,19300000,17500000,15500000,13600000,11700000,9710000,7770000,5830000,3890000,1940000,1417,1287,1139,1003,888,783,689,598,513,427,193,13592,13584,13651,13548,13127,12399,11277,9747,7576,4543,224,8,28,4,3,4,0
2,4,2,9472,12900000,11800000,10300000,9030000,7750000,6460000,5180000,3870000,2580000,1290000,1229,1071,924,802,705,647,589,522,449,371,210,10533,10978,11189,11267,10993,9994,8785,7422,5749,3489,144,8,18,5,4,5,0
2,4,2,9288,13000000,11800000,10400000,9070000,7770000,6480000,5190000,3890000,2590000,1290000,1256,1105,948,823,721,658,593,525,455,382,228,10332,10716,10931,11021,10773,9857,8745,7411,5683,3385,144,8,18,5,5,5,0
2,16,3,10062,57000000,51800000,45700000,40000000,34300000,28600000,22900000,17200000,11400000,5720000,4918,4306,3793,3346,3016,2781,2529,2226,1899,1581,878,11594,12038,12046,11956,11373,10281,9052,7709,6024,3619,704,32,22,6,1,4,0
2,8,3,0,51900000,47400000,41700000,36200000,31000000,25900000,20700000,15600000,10400000,5180000,5429,4916,3901,3393,2968,2700,2403,2105,1796,1478,839,9554,9651,10682,10669,10458,9592,8625,7390,5765,3503,576,32,18,7,6,4,0
2,1,1,8913,856931,769188,687411,601199,512622,428614,342541,256976,171765,85416,93.1,81,67.2,55.9,47.5,41.7,36.6,32.3,28.5,25.1,20,9208,9499,10228,10762,10800,10289,9358,7965,6021,3408,6,1,6,8,7,6,250
2,1,1,9749,3240000,2950000,2590000,2260000,1950000,1620000,1290000,970456,648195,324418,287,255,223,197,176,162,146,129,111,93.4,51.2,11284,11560,11623,11505,11033,10000,8889,7528,5830,3473,36,2,18,5,8,7,750
2,1,1,11157,3530000,3180000,2820000,2470000,2120000,1770000,1410000,1060000,706411,354529,279,240,209,184,167,154,141,124,107,89.8,46.7,12669,13270,13492,13408,12723,11449,10052,8530,6600,3948,44,2,22,6,1,7,750
2,1,1,11542,5760000,5200000,4610000,4040000,3470000,2890000,2310000,1730000,1150000,577465,469,421,357,301,261,232,202,176,151,125,55,12284,12352,12926,13420,13271,12454,11429,9850,7651,4614,56,2,28,9,3,7,750
2,1,1,20184,11100000,10000000,8920000,7810000,6690000,5580000,4460000,3350000,2230000,1120000,404,382,358,331,305,280,258,236,214,188,81.6,27497,26323,24920,23574,21949,19910,17305,14173,10420,5938,128,2,64,10,6,8,800
2,1,2,10206,3250000,2950000,2600000,2270000,1950000,1630000,1300000,974218,651757,324007,272,243,215,191,171,156,141,124,107,87.8,46.9,11952,12133,12065,11919,11413,10453,9225,7854,6115,3691,36,2,18,5,8,7,750
2,1,2,11423,3510000,3190000,2820000,2470000,2120000,1760000,1410000,1060000,704701,351163,272,238,205,181,163,150,136,120,102,84.8,44.6,12898,13434,13737,13610,12954,11712,10365,8826,6899,4139,44,2,22,6,1,7,750
2,1,2,10802,3340000,3040000,2680000,2340000,2020000,1680000,1350000,1010000,670112,337218,269,236,205,182,166,152,138,122,105,88.4,44.9,12429,12852,13098,12844,12180,11040,9735,8263,6367,3815,44,2,22,6,1,7,750
2,1,2,11790,5730000,5160000,4590000,4010000,3440000,2870000,2300000,1720000,1140000,573385,457,408,344,292,255,224,195,170,147,129,52.3,12541,12637,13337,13736,13487,12797,11753,10105,7770,4447,56,2,28,9,3,7,750
2,1,2,12831,5810000,5220000,4650000,4080000,3490000,2910000,2330000,1750000,1170000,580574,432,376,319,277,240,208,182,159,137,114,49.8,13454,13879,14556,14730,14569,14010,12809,10998,8519,5107,56,2,28,11,3,9,750
2,1,2,11867,4370000,3960000,3520000,3080000,2640000,2200000,1760000,1320000,879965,439459,268,253,237,218,200,184,170,157,144,128,77.5,16337,15658,14889,14105,13193,11943,10330,8400,6112,3425,64,2,32,12,6,10,750
2,1,2,11064,4380000,3960000,3520000,3080000,2640000,2190000,1760000,1320000,876211,439432,287,271,253,234,214,197,182,168,154,138,84.9,15238,14597,13888,13150,12312,11153,9656,7847,5692,3195,64,2,32,13,6,11,1100
2,1,2,16501,5680000,5120000,4550000,3990000,3410000,2850000,2280000,1710000,1140000,566487,246,236,220,205,186,164,151,141,130,117,99.5,23090,21739,20684,19473,18308,17357,15055,12102,8732,4830,64,1,64,14,1,12,750
2,1,2,20910,11100000,10000000,8930000,7800000,6700000,5580000,4470000,3340000,2230000,1120000,393,370,347,321,294,270,250,229,207,181,72.3,28320,27151,25722,24308,22774,20683,17896,14625,10780,6166,128,2,64,10,6,13,800
2,1,2,11064,7060000,6400000,5640000,4960000,4250000,3540000,2840000,2120000,1410000,706189,562,483,421,377,340,315,287,253,215,181,86.4,12581,13253,13416,13152,12486,11249,9901,8376,6567,3912,88,4,22,15,2,14,1600
2,1,2,11962,11400000,10200000,9110000,7970000,6820000,5690000,4560000,3410000,2270000,1140000,923,822,689,575,496,430,374,326,280,232,85.6,12305,12465,13214,13864,13754,13254,12182,10472,8129,4922,112,4,28,9,9,15,1600
2,1,2,11872,11500000,10400000,9270000,8120000,6950000,5790000,4630000,3470000,2320000,1160000,939,839,710,592,511,442,383,333,286,237,89.8,12292,12406,13055,13717,13613,13108,12080,10413,8090,4891,112,4,28,9,9,15,1600
2,1,4,11958,11500000,10400000,9250000,8090000,6930000,5780000,4620000,3460000,2310000,1150000,915,820,694,583,502,437,383,336,292,245,106,12597,12688,13321,13879,13813,13230,12068,10303,7915,4703,112,4,28,9,9,16,1100
2,1,5,10103,3250000,2970000,2590000,2270000,1950000,1620000,1300000,972113,645820,325183,273,247,217,191,172,157,142,126,108,89.6,48.1,11872,12021,11923,11867,11335,10351,9161,7742,5989,3630,36,2,18,5,8,7,750
2,1,5,11537,5810000,5240000,4660000,4080000,3490000,2910000,2330000,1750000,1170000,586207,469,421,358,307,268,233,203,178,153,128,56,12387,12454,13011,13276,13003,12489,11453,9842,7596,4571,56,2,28,9,3,17,750
3,4,3,10619,17600000,15900000,14100000,12500000,10600000,8800000,7040000,5280000,3520000,1760000,1412,1214,1078,969,867,787,718,652,587,520,329,12441,13061,13076,12894,12188,11183,9814,8092,6005,3380,192,8,24,16,10,5,0
3,1,1,17278,5820000,5210000,4630000,4060000,3480000,2900000,2310000,1740000,1160000,576481,250,229,212,192,179,168,156,145,133,119,60.8,23274,22766,21789,21084,19384,17258,14770,11982,8712,4861,64,1,64,17,11,18,650
3,1,1,6916,508013,463373,406011,356998,305028,252720,202718,153152,101051,50447,63.9,60.3,51.3,44,37.6,32.3,29.1,25.9,23.5,20.7,16,7947,7687,7909,8107,8104,7819,6969,5905,4304,2434,4,1,4,18,12,19,300
3,1,1,7809,474047,427509,379044,332812,282416,236669,191106,141210,94558,47253,47.7,43.6,39,35.2,31.2,28.4,26.2,24.1,22.3,20.1,16,9932,9814,9710,9464,9049,8327,7304,5858,4234,2356,4,1,4,19,12,20,300
3,1,1,9281,586973,527938,471368,414492,353701,294232,235319,177117,118070,59428,56.1,51.5,44.5,37.3,31.9,28.2,25.4,23,20.5,17.5,13.1,10471,10244,10592,11120,11087,10444,9283,7695,5751,3400,4,1,4,20,12,21,300
3,1,1,8924,651586,582666,519605,455039,391263,322940,259677,195508,130148,64423,73.9,62.1,51.6,43.3,36.8,31.2,26.9,23.5,20.5,17.9,12.8,8821,9390,10074,10503,10643,10363,9654,8334,6341,3594,6,1,6,8,12,22,300
3,1,1,11660,786578,718749,637381,559173,479727,395072,317856,238148,159527,79813,57.4,50.6,44.7,40.1,35.8,31.6,28.3,25.6,23.2,20.7,16.8,13702,14191,14258,13943,13402,12485,11234,9314,6864,3847,8,1,8,21,12,23,450
3,1,2,10765,3870000,3490000,3090000,2710000,2330000,1940000,1550000,1160000,774176,387384,318,277,240,212,188,167,151,137,122,106,61.5,12191,12623,12904,12797,12385,11575,10259,8483,6334,3645,36,2,18,22,10,24,800
3,1,1,9811,3230000,2910000,2580000,2260000,1940000,1620000,1290000,970277,646383,322218,289,260,230,199,172,153,138,123,108,92.3,47.3,11191,11173,11236,11377,11283,10544,9367,7896,5982,3492,36,2,18,23,8,25,800
3,1,1,10950,3450000,3110000,2760000,2420000,2070000,1720000,1380000,1040000,690427,344856,266,239,211,186,169,154,138,122,107,91.4,49.6,12954,12972,13062,12978,12295,11208,9973,8507,6481,3773,44,2,22,24,8,25,800
3,1,2,13006,5190000,4680000,4170000,3660000,3110000,2600000,2080000,1560000,1040000,520770,367,322,272,236,208,185,166,148,130,111,53.6,14140,14528,15298,15505,15008,14035,12533,10519,7956,4684,56,2,28,25,10,25,800
3,1,2,11638,3450000,3100000,2750000,2410000,2070000,1720000,1370000,1030000,688822,342368,255,224,196,174,158,145,132,114,98.9,84.7,43.6,13504,13814,13988,13820,13081,11868,10433,9048,6965,4043,44,2,22,24,8,25,800
3,1,2,12842,5080000,4580000,4080000,3560000,3050000,2540000,2040000,1530000,1020000,506845,355,309,269,237,212,188,166,147,129,109,57.3,14293,14835,15137,15070,14420,13539,12239,10350,7889,4634,56,2,28,4,3,25,800
3,1,2,13502,5510000,4980000,4420000,3870000,3320000,2760000,2210000,1660000,1110000,555330,388,322,276,242,213,189,169,150,132,112,58.3,14201,15442,16034,16028,15576,14620,13091,11037,8407,4955,56,2,28,2,10,25,800
3,1,2,11991,4660000,4200000,3740000,3270000,2800000,2330000,1860000,1400000,930994,465123,332,303,269,235,208,183,163,146,129,112,58.2,14023,13849,13905,13907,13487,12701,11414,9563,7196,4164,56,2,28,25,10,25,800
3,1,6,10699,3260000,2940000,2610000,2290000,1970000,1630000,1310000,976085,652130,327272,267,241,212,185,161,144,129,115,99.9,84.5,40.1,12196,12201,12333,12390,12183,11336,10103,8514,6525,3873,36,2,18,23,8,25,800
3,1,6,12079,3450000,3100000,2770000,2410000,2070000,1730000,1380000,1040000,690526,343507,243,218,192,167,152,139,127,113,96.9,82,41.7,14183,14202,14404,14439,13668,12421,10873,9252,7125,4188,44,2,22,24,8,25,800
3,1,2,12828,10200000,9230000,8210000,7180000,6150000,5130000,4100000,3070000,2050000,1030000,733,631,549,483,430,382,334,294,254,211,94.9,13980,14629,14943,14876,14292,13444,12248,10472,8071,4854,112,4,28,4,13,26,1600
3,1,2,12008,10400000,9380000,8350000,7300000,6260000,5210000,4180000,3130000,2090000,1040000,773,674,579,508,455,409,368,329,290,248,146,13487,13930,14423,14368,13765,12743,11341,9523,7215,4204,112,4,28,4,13,26,1600
3,1,2,11886,10500000,9500000,8430000,7390000,6330000,5270000,4210000,3170000,2110000,1060000,785,687,590,522,467,419,376,336,295,253,148,13415,13818,14287,14145,13560,12574,11211,9423,7141,4176,112,4,28,4,13,26,1600
3,1,2,12979,11200000,10100000,8940000,7830000,6720000,5600000,4470000,3360000,2240000,1120000,808,668,581,512,453,402,359,320,280,237,120,13815,15088,15393,15298,14849,13915,12459,10491,7981,4732,112,4,28,2,14,27,1600
3,1,2,11444,9430000,8510000,7570000,6620000,5680000,4730000,3790000,2840000,1890000,940508,710,647,572,501,442,390,348,311,274,235,113,13291,13151,13239,13206,12843,12103,10891,9134,6894,3994,112,4,28,25,14,28,1600
3,1,5,7535,508794,464610,401218,357316,305878,253982,203829,152176,101674,51444,60,57.4,46.8,40.7,34.7,29.6,26.5,23.4,21.1,18.3,13.3,8476,8101,8580,8772,8821,8570,7690,6499,4822,2818,4,1,4,18,12,29,250
3,1,5,8944,478512,429767,383866,333825,289162,238762,191219,143580,94862,48106,44.7,40.2,35.8,31.4,28.1,25,22.6,20.4,18.4,16,11.6,10713,10692,10722,10622,10303,9536,8458,7032,5163,3002,4,1,4,19,12,30,250
3,1,5,10427,591742,534498,474350,417545,356872,296352,237875,178292,118311,59729,51.8,47.9,40.9,34.6,29.5,25.5,22.5,19.9,17.2,14,9.33,11421,11154,11606,12070,12103,11629,10576,8958,6862,4254,4,1,4,20,12,31,250
3,1,5,11089,695687,622632,555470,484278,418655,345565,277162,207569,139347,69264,61.8,49.8,42.8,36.8,32.3,27.9,24.4,21.4,18.9,16.2,11.7,11254,12501,12967,13163,12972,12375,11348,9685,7377,4277,6,1,6,8,12,32,250
3,1,5,9435,655699,589566,522263,455895,391846,325677,260292,196623,130916,65014,71.7,60.6,50,41.9,35.5,30,25.5,21.8,18.4,15.5,10,9148,9723,10440,10890,11050,10863,10211,9023,7096,4192,6,1,6,8,12,32,250
3,1,5,12364,797225,712828,635321,555428,477700,395875,317519,237991,159095,79687,56,48.1,42.5,37.7,33.6,29.6,26.1,23.5,21.2,18.8,16.3,14229,14834,14935,14746,14230,13374,12151,10132,7519,4237,8,1,8,21,12,23,450
3,1,5,8187,484122,435666,386466,338638,289910,242418,191117,145498,96975,48224,47.2,43.9,39.2,34.7,30.5,27,24.2,22.3,20.6,19.3,16.1,10267,9929,9856,9753,9513,8994,7912,6516,4718,2503,4,1,4,26,12,33,300
3,1,5,10000,587425,528569,472606,412459,351668,292100,234210,176891,117089,58469,51.2,47.1,41,34.8,29.7,26.1,23.4,21.4,19.4,16.7,12.4,11481,11230,11532,11851,11823,11175,10001,8273,6050,3500,4,1,4,20,12,34,300
3,1,5,12631,776812,705646,628060,556871,469204,389284,312897,235087,157397,77883,53.2,46.6,41.3,37.1,32.2,28.5,25.1,22.4,20.3,18.6,15.9,14594,15148,15214,15023,14552,13666,12479,10498,7771,4182,8,1,8,21,12,35,300
3,1,5,9031,652874,585813,523155,455777,388815,326150,258442,196481,130085,64384,72.9,61.4,51,42.6,35.8,30.8,26.3,22.8,20,18.2,14.9,8960,9544,10262,10697,10853,10604,9843,8616,6498,3539,6,1,6,8,12,35,300
3,1,5,11901,4510000,4060000,3600000,3160000,2700000,2260000,1800000,1350000,902810,451236,342,301,251,219,195,177,160,145,128,110,54.8,13184,13479,14325,14409,13825,12771,11241,9359,7052,4107,48,2,24,27,15,24,800
3,1,5,10685,3250000,2930000,2600000,2280000,1950000,1620000,1300000,975794,648012,324198,264,240,214,185,161,144,129,114,99.4,84.3,40,12333,12196,12193,12306,12132,11293,10068,8555,6519,3846,36,2,18,23,8,25,800
3,1,5,12065,3440000,3110000,2760000,2410000,2070000,1720000,1380000,1030000,694746,343770,241,219,192,168,151,139,127,112,97.7,82.2,41.8,14272,14201,14334,14353,13668,12413,10844,9207,7113,4182,44,2,22,24,8,25,800
4,1,1,11207,4510000,4080000,3620000,3170000,2710000,2260000,1810000,1360000,905590,451980,296,277,256,230,209,195,182,171,159,150,95.5,15232,14701,14174,13781,12959,11618,9919,7984,5712,3008,64,2,32,28,6,36,850
4,1,2,18748,13000000,11700000,10500000,8940000,7620000,6540000,5220000,3920000,2610000,1310000,492,464,437,407,383,364,331,298,265,232,133,26421,25284,23953,21990,19883,17953,15765,13163,9830,5646,128,2,64,29,2,37,1300
5,1,2,11654,3420000,3130000,2780000,2420000,2090000,1740000,1390000,1050000,696501,346448,252,230,204,174,158,144,129,115,102,88,40.1,13566,13637,13661,13895,13239,12098,10822,9054,6795,3935,44,2,22,24,5,38,550
6,3,3,17076,32000000,28900000,25700000,22500000,19300000,16100000,12800000,9640000,6430000,3210000,1281,1216,1148,1082,1017,955,886,814,745,667,524,24964,23773,22389,20762,18929,16815,14499,11845,8633,4810,384,6,64,30,16,4,0
6,2,3,16000,21300000,19300000,17100000,15000000,12800000,10700000,8560000,6410000,4280000,2140000,894,851,805,762,718,676,631,583,538,487,403,23831,22651,21245,19651,17891,15806,13562,11000,7951,4390,256,4,64,30,16,4,0
6,4,3,17436,42600000,38500000,34200000,30000000,25700000,21400000,17100000,12800000,8560000,4280000,1687,1601,1506,1416,1327,1242,1150,1051,957,853,700,25259,24062,22742,21152,19352,17237,14883,12212,8937,5021,512,8,64,30,16,4,0
6,4,3,17530,43700000,39500000,35100000,30700000,26300000,22000000,17600000,13200000,8780000,4390000,1721,1638,1553,1475,1395,1302,1180,1052,946,829,678,25409,24143,22622,20832,18881,16874,14887,12531,9280,5298,512,8,64,14,16,4,0
6,1,1,16226,5530000,5000000,4450000,3890000,3330000,2780000,2220000,1670000,1110000,557513,231,222,212,203,194,183,168,149,129,113,79.5,23926,22568,21015,19195,17210,15218,13169,11205,8609,4943,64,1,64,31,17,39,800
6,1,1,17349,5800000,5240000,4660000,4080000,3500000,2920000,2330000,1750000,1170000,582648,230,218,207,195,185,175,164,150,129,114,78.7,25194,23995,22541,20900,18947,16635,14215,11684,9049,5111,64,1,64,31,17,40,800
6,1,1,15724,5140000,4660000,4140000,3620000,3110000,2590000,2070000,1550000,1030000,517356,224,215,205,195,185,174,161,143,125,109,70.3,22950,21652,20190,18565,16824,14850,12815,10827,8254,4732,64,1,64,31,17,40,800
6,1,1,8083,2120000,1920000,1700000,1490000,1280000,1060000,849823,637862,424850,213195,181,170,161,153,145,136,127,116,105,92.3,61.7,11726,11299,10570,9735,8812,7797,6708,5502,4057,2310,32,1,32,32,17,40,800
6,1,1,11637,3030000,2730000,2430000,2130000,1820000,1520000,1220000,908421,607240,302015,235,214,186,160,140,122,107,90.5,76.9,64.3,37.3,12854,12753,13064,13300,12978,12405,11392,10039,7896,4696,28,1,28,33,18,41,800
6,1,1,12384,2940000,2650000,2360000,2060000,1770000,1470000,1180000,884222,588997,294973,217,187,164,144,125,109,96.8,86.2,75.9,65,39.4,13586,14160,14352,14368,14207,13512,12184,10256,7760,4541,28,1,28,34,18,41,800
6,1,1,11126,2960000,2680000,2380000,2080000,1780000,1480000,1190000,889523,594972,297033,237,217,191,163,144,126,109,94.1,80.7,68.1,38.9,12518,12340,12445,12789,12415,11789,10855,9450,7374,4363,28,1,28,35,18,41,800
6,1,1,11709,5800000,5240000,4650000,4070000,3490000,2910000,2330000,1740000,1160000,581147,457,417,365,307,268,233,201,171,144,117,52.4,12699,12572,12752,13276,13033,12466,11575,10218,8106,4953,56,2,28,35,19,41,800
6,1,1,11550,2990000,2700000,2400000,2100000,1810000,1500000,1200000,898385,601396,300555,233,210,178,156,138,121,107,94.6,82.2,68.9,38.7,12840,12846,13477,13459,13101,12365,11174,9493,7314,4362,28,1,28,35,18,42,800
6,1,1,12488,5870000,5300000,4710000,4120000,3540000,2940000,2360000,1770000,1180000,589575,448,404,339,287,247,213,186,162,140,116,50,13100,13127,13902,14324,14317,13836,12692,10883,8428,5066,56,2,28,35,19,42,800
6,1,1,12313,5780000,5210000,4630000,4060000,3480000,2900000,2320000,1740000,1160000,581133,451,407,341,289,246,211,183,160,138,114,48.7,12825,12817,13592,14057,14152,13755,12665,10862,8432,5077,56,2,28,35,19,42,800
6,1,1,10118,3160000,2850000,2530000,2210000,1890000,1580000,1270000,949976,629838,315004,276,248,218,188,162,145,133,118,101,83.7,45,11429,11485,11598,11771,11725,10870,9545,8043,6213,3765,36,2,18,5,20,43,800
6,1,2,11540,5760000,5190000,4620000,4040000,3460000,2890000,2310000,1730000,1150000,575883,461,419,366,308,271,237,203,173,145,118,49.3,12491,12390,12642,13103,12767,12200,11364,10026,7986,4872,56,2,28,35,19,41,800
6,1,2,18294,11100000,10000000,8910000,7800000,6680000,5570000,4450000,3340000,2230000,1110000,423,401,378,355,333,314,292,261,228,199,163,26252,25022,23570,21958,20082,17774,15242,12788,9784,5585,128,2,64,30,16,40,800
6,1,2,18051,10700000,9650000,8570000,7500000,6420000,5360000,4280000,3210000,2150000,1070000,422,401,378,357,335,311,280,248,221,197,111,25277,24055,22650,21027,19183,17230,15276,12958,9694,5420,128,2,64,30,16,40,800
6,1,2,11140,4280000,3850000,3430000,3000000,2570000,2140000,1720000,1290000,854414,427894,295,269,246,218,199,184,172,160,148,137,88.3,14538,14347,13963,13726,12948,11614,9991,8041,5784,3124,64,2,32,13,21,40,800
6,1,2,11044,4300000,3870000,3430000,3010000,2580000,2150000,1720000,1290000,859238,430149,298,271,248,220,199,193,179,165,150,136,81.1,14423,14244,13871,13706,12969,11110,9607,7817,5712,3174,64,2,32,13,21,40,800
6,1,2,13022,11600000,10500000,9340000,8170000,7010000,5840000,4660000,3500000,2330000,1170000,849,740,632,548,474,409,358,315,272,227,103,13713,14200,14786,14913,14795,14267,13003,11095,8560,5143,112,4,28,34,13,44,800
6,1,2,12045,12000000,10800000,9630000,8420000,7210000,6020000,4810000,3610000,2410000,1200000,942,849,733,619,538,467,401,340,281,229,90.1,12734,12747,13133,13598,13410,12883,11995,10605,8550,5266,112,4,28,36,13,44,800
6,1,2,11463,11600000,10400000,9270000,8110000,6940000,5790000,4630000,3470000,2310000,1160000,942,854,743,623,545,476,410,348,290,236,88.6,12271,12197,12469,13028,12741,12175,11304,9987,7989,4910,112,4,28,35,13,45,800
6,1,2,12120,11700000,10600000,9410000,8240000,7060000,5880000,4710000,3530000,2350000,1170000,944,851,716,598,510,431,373,324,277,228,82.9,12424,12427,13151,13779,13845,13621,12614,10895,8498,5154,112,4,28,35,13,45,800
6,1,2,11662,11300000,10200000,9060000,7930000,6800000,5670000,4530000,3400000,2260000,1130000,936,847,706,592,510,438,378,329,281,232,88.9,12058,12044,12818,13381,13336,12958,11983,10334,8037,4871,112,4,28,35,13,45,800
6,1,2,8151,5220000,4750000,4220000,3690000,3160000,2640000,2110000,1580000,1060000,527060,557,498,433,382,340,315,289,257,218,178,86.3,9376,9534,9735,9675,9302,8391,7309,6159,4853,2953,72,4,18,37,8,46,1200
6,1,6,11234,11800000,10600000,9450000,8280000,7090000,5910000,4730000,3550000,2370000,1180000,982,888,773,657,563,487,419,356,297,243,119,11990,11981,12226,12595,12601,12138,11310,9957,7979,4866,112,4,28,36,14,47,1600
6,1,6,12132,11500000,10400000,9200000,8050000,6910000,5740000,4610000,3460000,2300000,1150000,894,796,663,575,495,427,376,331,289,243,123,12832,13013,13866,14011,13952,13441,12248,10430,7957,4745,112,4,28,34,14,47,1600
6,1,6,11424,11600000,10500000,9280000,8130000,6960000,5800000,4640000,3480000,2320000,1160000,963,882,744,618,527,451,394,346,299,251,110,12028,11855,12476,13152,13212,12863,11775,10043,7761,4631,112,4,28,35,13,48,1600
6,1,5,11611,5940000,5350000,4770000,4170000,3580000,2980000,2380000,1780000,1190000,596719,474,428,373,318,278,241,207,175,147,122,56.8,12525,12513,12770,13131,12882,12348,11500,10168,8099,4910,56,2,28,33,10,44,800
6,1,5,12272,5740000,5170000,4600000,4020000,3460000,2880000,2300000,1720000,1150000,575604,435,385,328,284,246,213,187,166,145,123,64.2,13193,13438,14052,14169,14025,13508,12272,10381,7937,4679,56,2,28,34,10,44,800
6,1,5,10916,5650000,5100000,4530000,3960000,3400000,2830000,2260000,1700000,1140000,565772,471,428,370,314,279,246,215,185,156,129,59.4,11994,11898,12244,12613,12201,11523,10550,9173,7254,4399,56,2,28,35,10,49,800
6,1,5,11845,5800000,5240000,4660000,4080000,3490000,2920000,2330000,1750000,1160000,583190,459,415,347,298,258,224,196,172,149,125,58.1,12625,12622,13432,13656,13496,13031,11875,10165,7825,4674,56,2,28,35,10,42,800
6,5,7,11215,28800000,26000000,23100000,20200000,17300000,14400000,11500000,8660000,5780000,2880000,2295,2030,1737,1522,1336,1177,1055,951,848,740,459,12540,12794,13307,13275,12961,12271,10939,9105,6810,3898,280,10,28,34,10,5,0
6,4,7,10975,23100000,20900000,18500000,16200000,13900000,11600000,9270000,6950000,4630000,2310000,1860,1647,1413,1245,1095,967,871,788,707,620,398,12432,12674,13123,13038,12711,11976,10651,8823,6545,3729,224,8,28,34,10,5,0
6,3,7,10580,17300000,15600000,13900000,12100000,10400000,8660000,6930000,5210000,3460000,1740000,1418,1258,1086,960,849,753,681,620,558,493,328,12188,12398,12758,12622,12238,11499,10188,8408,6214,3525,168,6,28,34,10,5,0
6,2,7,9936,11600000,10400000,9260000,8100000,6960000,5800000,4630000,3480000,2320000,1160000,982,876,760,679,603,540,491,450,409,365,257,11773,11908,12188,11938,11530,10746,9434,7734,5671,3173,112,4,28,34,10,5,0
6,11,7,11804,63300000,57200000,50800000,44500000,38100000,31700000,25400000,19100000,12700000,6350000,4975,4359,3700,3223,2796,2433,2161,1929,1700,1459,845,12733,13115,13728,13801,13636,13046,11758,9874,7471,4357,616,22,28,34,10,5,0
6,10,7,11754,57600000,52000000,46200000,40400000,34600000,28900000,23100000,17300000,11600000,5780000,4519,3973,3373,2936,2552,2224,1977,1767,1561,1339,779,12736,13083,13697,13758,13575,12972,11678,9794,7405,4315,560,20,28,34,10,5,0
6,9,7,11676,51800000,46800000,41600000,36300000,31200000,26000000,20800000,15600000,10400000,5190000,4073,3593,3045,2653,2310,2017,1797,1607,1420,1223,714,12716,13013,13649,13699,13493,12868,11561,9698,7314,4244,504,18,28,34,10,5,0
6,8,7,11603,46000000,41500000,36900000,32300000,27700000,23100000,18500000,13800000,9250000,4610000,3627,3194,2711,2366,2063,1806,1611,1443,1279,1104,658,12687,12998,13613,13646,13417,12767,11472,9594,7232,4179,448,16,28,34,10,5,0
6,7,7,11516,40300000,36400000,32300000,28300000,24200000,20200000,16200000,12100000,8070000,4030000,3182,2810,2382,2085,1820,1594,1423,1278,1135,982,585,12653,12938,13559,13561,13317,12665,11346,9480,7116,4108,392,14,28,34,10,5,0
6,6,7,11390,34500000,31100000,27700000,24200000,20700000,17300000,13800000,10400000,6910000,3460000,2736,2418,2057,1800,1573,1380,1235,1111,990,859,518,12596,12854,13445,13439,13175,12520,11188,9327,6986,4028,336,12,28,34,10,5,0
6,12,7,11845,69100000,62400000,55500000,48500000,41600000,34700000,27700000,20800000,13900000,6940000,5384,4704,4027,3510,3056,2664,2360,2103,1854,1591,922,12832,13268,13770,13829,13619,13014,11743,9884,7486,4361,672,24,28,34,10,5,0
6,12,3,11051,71200000,64300000,57100000,50000000,42800000,35700000,28600000,21400000,14300000,7140000,5938,5352,4645,3963,3460,3018,2620,2241,1898,1590,807,11994,12006,12302,12630,12382,11827,10912,9562,7526,4492,672,24,28,33,10,5,0
6,11,3,11017,65200000,58900000,52300000,45800000,39200000,32700000,26200000,19600000,13100000,6530000,5431,4910,4269,3638,3174,2770,2404,2059,1745,1464,756,12004,11989,12245,12592,12353,11793,10880,9520,7489,4460,616,22,28,33,10,5,0
6,10,3,10951,59200000,53400000,47500000,41500000,35600000,29700000,23700000,17800000,11900000,5920000,4940,4464,3894,3313,2899,2533,2200,1889,1603,1347,700,11974,11956,12194,12535,12286,11709,10788,9425,7406,4397,560,20,28,33,10,5,0
6,9,3,10897,53200000,48000000,42700000,37400000,32000000,26700000,21400000,16000000,10700000,5340000,4444,4024,3519,2990,2617,2293,1996,1716,1459,1231,645,11978,11937,12145,12493,12239,11642,10702,9334,7322,4340,504,18,28,33,10,5,0
6,8,3,10825,47300000,42700000,38000000,33200000,28400000,23700000,19000000,14200000,9490000,4740000,3958,3588,3130,2664,2339,2053,1789,1541,1314,1110,598,11947,11899,12129,12457,12162,11551,10599,9233,7219,4273,448,16,28,33,10,5,0
6,7,3,10762,41400000,37400000,33300000,29000000,24900000,20800000,16600000,12500000,8320000,4150000,3472,3145,2751,2341,2058,1808,1579,1364,1167,990,535,11920,11878,12104,12408,12098,11480,10516,9129,7127,4190,392,14,28,33,10,5,0
6,6,3,10684,35500000,32100000,28500000,24900000,21400000,17800000,14200000,10700000,7120000,3560000,2980,2703,2368,2023,1780,1566,1369,1185,1016,864,477,11920,11862,12043,12327,12010,11373,10404,9027,7015,4123,336,12,28,33,10,5,0
6,5,3,10552,29600000,26700000,23700000,20800000,17800000,14800000,11900000,8910000,5940000,2970000,2494,2265,1985,1701,1499,1323,1162,1009,868,742,425,11874,11804,11963,12220,11892,11226,10231,8836,6842,4003,280,10,28,33,10,5,0
6,11,8,10693,63000000,56900000,50600000,44300000,37900000,31600000,25300000,19000000,12600000,6330000,5402,4896,4117,3540,3079,2684,2379,2111,1851,1581,864,11658,11622,12297,12500,12322,11776,10644,8992,6831,4003,616,22,28,35,10,4,0
6,10,8,10641,57300000,51700000,46000000,40200000,34500000,28700000,23000000,17200000,11500000,5750000,4918,4451,3741,3229,2816,2457,2179,1936,1699,1454,814,11657,11622,12292,12458,12244,11700,10554,8910,6758,3955,560,20,28,35,10,4,0
6,9,8,10541,51500000,46500000,41300000,36200000,31000000,25800000,20700000,15500000,10300000,5160000,4444,4022,3384,2927,2551,2232,1985,1766,1554,1332,746,11596,11566,12217,12356,12141,11571,10411,8768,6657,3874,504,18,28,35,10,4,0
6,8,8,10429,45800000,41300000,36800000,32100000,27600000,23000000,18400000,13800000,9190000,4600000,3971,3594,3038,2625,2295,2007,1784,1590,1402,1211,695,11532,11501,12110,12239,12011,11440,10298,8663,6553,3797,448,16,28,35,10,4,0
6,7,8,10301,40100000,36200000,32200000,28200000,24100000,20100000,16100000,12100000,8050000,4020000,3497,3173,2683,2322,2031,1784,1586,1418,1254,1087,627,11464,11408,11995,12128,11879,11271,10144,8509,6417,3699,392,14,28,35,10,4,0
6,6,8,10203,34300000,31000000,27500000,24100000,20600000,17200000,13800000,10300000,6880000,3440000,2999,2724,2312,1999,1755,1541,1376,1233,1097,946,553,11435,11365,11913,12053,11764,11153,9995,8367,6270,3637,336,12,28,35,10,4,0
6,5,8,10237,28600000,25800000,22900000,20100000,17200000,14300000,11500000,8610000,5730000,2860000,2495,2266,1920,1658,1456,1281,1144,1024,905,782,466,11458,11390,11943,12116,11811,11190,10024,8412,6330,3662,280,10,28,35,10,4,0
6,12,8,10872,68800000,62100000,55100000,48300000,41400000,34500000,27600000,20700000,13800000,6900000,5816,5269,4417,3803,3303,2884,2553,2263,1982,1689,901,11825,11795,12485,12692,12532,11956,10805,9146,6960,4087,672,24,28,35,10,4,0
6,6,3,12042,68900000,62200000,55300000,48400000,41500000,34500000,27600000,20700000,13800000,6910000,5409,4789,3995,3456,2982,2577,2274,2018,1765,1501,781,12744,12983,13840,13999,13903,13406,12148,10282,7833,4601,672,24,28,34,14,5,0
6,5,3,11942,57300000,51700000,46000000,40200000,34500000,28700000,23000000,17300000,11500000,5740000,4503,3997,3343,2893,2501,2169,1916,1703,1493,1274,675,12734,12946,13762,13912,13791,13248,12012,10135,7703,4508,560,20,28,34,14,5,0
6,4,3,11799,45900000,41400000,36800000,32200000,27600000,23000000,18400000,13800000,9200000,4590000,3611,3207,2688,2334,2025,1761,1562,1393,1227,1051,570,12703,12908,13688,13792,13622,13061,11786,9902,7503,4371,448,16,28,34,14,5,0
6,3,3,11547,34400000,31100000,27600000,24100000,20700000,17300000,13800000,10300000,6910000,3450000,2731,2424,2045,1782,1552,1356,1207,1079,957,826,465,12601,12810,13488,13552,13332,12721,11432,9589,7224,4173,336,12,28,34,14,5,0
6,2,3,10977,22900000,20700000,18400000,16100000,13800000,11500000,9190000,6890000,4600000,2290000,1864,1667,1411,1237,1084,954,857,773,692,603,361,12289,12401,13029,12989,12705,12041,10726,8916,6648,3803,224,8,28,34,14,5,0
6,6,3,11179,71100000,64100000,57100000,49900000,42800000,35600000,28500000,21400000,14300000,7130000,5989,5401,4667,3940,3404,2946,2543,2171,1816,1505,679,11873,11873,12228,12664,12575,12102,11214,9852,7853,4735,672,24,28,33,14,5,0
6,5,3,11074,59100000,53400000,47400000,41500000,35600000,29700000,23700000,17800000,11900000,5920000,4983,4502,3912,3304,2859,2482,2143,1835,1540,1279,592,11857,11855,12129,12556,12445,11947,11073,9687,7702,4631,560,20,28,33,14,5,0
6,4,3,11007,47300000,42700000,38000000,33200000,28500000,23800000,19000000,14200000,9500000,4750000,3978,3602,3135,2655,2303,2003,1737,1490,1260,1053,500,11897,11864,12117,12515,12381,11865,10940,9560,7543,4506,448,16,28,33,14,5,0
6,3,3,10754,35400000,31900000,28400000,24800000,21300000,17700000,14200000,10600000,7100000,3550000,3004,2722,2378,2023,1758,1536,1337,1154,981,828,421,11782,11725,11949,12277,12108,11556,10616,9229,7235,4291,336,12,28,33,14,5,0
6,2,3,10349,23700000,21400000,19000000,16600000,14300000,11900000,9510000,7140000,4750000,2380000,2045,1859,1629,1394,1220,1077,942,821,706,604,330,11592,11504,11672,11944,11689,11039,10096,8697,6733,3936,224,8,28,33,14,5,0
6,5,8,10855,57700000,52000000,46200000,40500000,34700000,28900000,23100000,17300000,11600000,5780000,5001,4514,3773,3218,2772,2392,2102,1857,1616,1369,664,11533,11528,12250,12581,12503,12091,10999,9335,7158,4221,560,20,28,35,14,4,0
6,4,8,10648,46100000,41600000,37000000,32400000,27700000,23100000,18500000,13900000,9240000,4610000,4030,3643,3064,2618,2259,1958,1725,1523,1330,1138,572,11436,11417,12072,12359,12278,11799,10718,9099,6948,4052,448,16,28,35,14,4,0
6,3,8,10373,34500000,31100000,27700000,24200000,20700000,17300000,13800000,10400000,6920000,3460000,3048,2764,2332,1989,1733,1510,1335,1192,1048,902,478,11319,11266,11869,12165,11969,11450,10369,8708,6596,3834,336,12,28,35,14,4,0
6,2,8,10323,23100000,20800000,18500000,16200000,13900000,11600000,9260000,6950000,4630000,2310000,2048,1858,1568,1337,1168,1017,904,797,701,603,326,11280,11208,11812,12120,11885,11374,10237,8716,6601,3839,224,8,28,35,14,4,0
6,6,8,11021,69400000,62600000,55700000,48700000,41700000,34800000,27900000,20900000,13900000,6960000,5968,5387,4510,3815,3284,2837,2484,2183,1895,1596,758,11630,11627,12350,12771,12710,12266,11214,9562,7345,4361,672,24,28,35,14,4,0
6,1,2,0,5600000,5050000,4480000,3920000,3360000,2800000,2240000,1680000,1120000,558911,566,515,466,423,381,340,302,267,231,195,96.4,9890,9801,9602,9273,8829,8230,7420,6310,4833,2868,72,4,18,37,22,50,1200
7,1,1,14209,6070000,5490000,4850000,4240000,3650000,3030000,2430000,1820000,1210000,603554,421,336,269,247,216,195,188,165,142,119,51.7,14413,16370,18052,17135,16863,15548,12898,10991,8543,5083,56,2,28,38,3,51,550
7,1,1,13465,5860000,5300000,4700000,4120000,3520000,2940000,2350000,1760000,1180000,588329,414,345,295,255,223,202,190,165,142,119,50.3,14153,15354,15923,16133,15826,14559,12361,10653,8300,4965,56,2,28,38,3,51,550
7,1,2,13490,5880000,5290000,4700000,4110000,3520000,2940000,2350000,1760000,1180000,587940,415,346,295,252,223,200,189,165,142,119,49.9,14163,15298,15924,16341,15829,14683,12420,10669,8275,4943,56,2,28,38,3,51,550
7,1,2,14224,6120000,5540000,4880000,4270000,3660000,3050000,2440000,1830000,1220000,611346,419,329,279,248,226,194,190,165,142,119,52.2,14604,16824,17529,17195,16203,15692,12862,11077,8581,5129,56,2,28,38,3,51,550
7,1,2,13478,5840000,5260000,4670000,4080000,3500000,2920000,2340000,1750000,1170000,584445,437,341,280,249,220,198,180,161,142,123,50.3,13351,15413,16675,16386,15864,14702,13027,10885,8221,4765,56,2,28,3,3,52,550
7,1,2,12968,5940000,5360000,4750000,4160000,3570000,2970000,2370000,1780000,1190000,596165,461,381,313,277,233,201,182,162,142,120,49.6,12882,14083,15181,15029,15362,14739,13065,10985,8375,4957,56,2,28,39,3,52,550
7,1,2,13398,5600000,5040000,4470000,3920000,3370000,2810000,2240000,1690000,1120000,558842,423,328,271,238,210,192,174,157,139,120,48.9,13260,15364,16500,16484,16066,14634,12884,10732,8067,4640,56,2,28,3,3,52,550
7,1,6,13388,5870000,5290000,4690000,4100000,3520000,2930000,2350000,1760000,1180000,586448,414,346,298,254,227,204,189,166,142,119,50,14151,15270,15726,16101,15536,14378,12417,10618,8261,4945,56,2,28,38,3,53,900
7,1,6,14071,6110000,5550000,4890000,4280000,3670000,3060000,2450000,1830000,1220000,613020,422,336,283,256,236,194,188,165,142,119,51.5,14479,16499,17285,16712,15518,15728,13061,11111,8605,5156,56,2,28,38,3,53,900
7,1,2,12212,4010000,3620000,3210000,2810000,2400000,2000000,1600000,1200000,802971,401091,329,277,228,187,164,145,131,117,101,83.7,43.5,12198,13078,14095,15026,14653,13793,12179,10242,7937,4793,40,2,20,40,5,54,750
7,1,2,10700,3210000,2890000,2570000,2250000,1930000,1600000,1290000,965645,645694,320790,266,237,208,183,160,141,125,110,96.6,83.2,44.8,12068,12238,12389,12352,12061,11381,10369,8759,6682,3855,36,2,18,23,5,54,750
7,4,6,10653,15900000,14300000,12900000,11100000,9560000,7960000,6380000,4770000,3190000,1590000,1419,1213,1042,863,787,668,598,553,476,396,217,11229,11758,12367,12919,12158,11924,10676,8625,6700,4012,160,8,20,40,5,4,0
7,8,9,5316,24700000,22300000,19800000,17300000,14800000,12400000,9880000,7410000,4950000,2480000,3868,3481,3032,2611,2340,2143,1971,1823,1674,1531,1080,6377,6393,6517,6619,6336,5764,5011,4064,2956,1618,256,16,16,41,23,4,3000
7,10,9,5555,30600000,27600000,24500000,21500000,18400000,15300000,12300000,9210000,6150000,3070000,4425,4097,3654,3150,2817,2577,2391,2187,2007,1821,1250,6920,6741,6716,6823,6538,5954,5130,4212,3062,1686,320,20,16,41,23,4,3000
7,4,2,10261,15100000,13700000,12100000,10600000,9070000,7560000,6050000,4550000,3020000,1510000,1322,1132,966,852,764,705,645,579,502,419,232,11439,12124,12523,12416,11880,10713,9381,7851,6028,3615,176,8,22,24,5,4,0
8,1,1,12167,5800000,5240000,4660000,4070000,3490000,2910000,2330000,1740000,1160000,585602,458,406,342,283,249,216,193,169,141,119,51.3,12656,12897,13607,14388,13977,13478,12068,10292,8261,4911,56,2,28,42,3,55,800
8,1,2,14365,5850000,5280000,4690000,4100000,3520000,2930000,2350000,1760000,1170000,587248,410,332,278,247,217,184,156,142,123,108,48.6,14293,15924,16866,16646,16238,15907,15012,12434,9509,5428,56,2,28,36,3,56,550
8,1,2,12385,4860000,4390000,3910000,3420000,2930000,2440000,1950000,1460000,974045,485973,347,312,278,241,212,183,160,141,128,115,48.3,14014,14049,14062,14190,13808,13342,12215,10337,7640,4212,56,2,28,25,3,55,800
8,1,2,13481,5730000,5180000,4610000,4020000,3450000,2880000,2300000,1720000,1150000,575314,432,345,273,236,212,193,179,166,141,120,49.5,13247,15001,16907,17045,16299,14940,12876,10404,8151,4807,56,2,28,3,3,55,800
8,1,2,13064,5820000,5250000,4670000,4090000,3500000,2910000,2330000,1750000,1160000,583592,454,374,305,265,228,198,176,160,133,113,49.4,12825,14045,15302,15423,15384,14693,13270,10936,8715,5183,56,2,28,39,3,55,800
8,1,6,12198,9920000,8950000,7970000,6960000,5970000,4970000,3970000,2990000,2000000,994857,726,645,546,477,421,371,333,303,273,233,158,13667,13886,14595,14603,14192,13392,11942,9886,7306,4268,112,4,28,39,9,57,1200
8,1,2,12296,3560000,3210000,2860000,2500000,2140000,1780000,1430000,1070000,713846,357111,245,221,191,171,156,144,130,113,97.5,82.1,45.7,14567,14551,14951,14637,13676,12362,10988,9483,7325,4349,44,2,22,24,1,55,800
9,1,1,19422,6670000,6020000,5350000,4680000,4020000,3350000,2680000,2000000,1340000,667801,254,228,213,198,186,178,168,155,136,114,63.2,26297,26461,25073,23631,21529,18849,15998,12907,9826,5834,64,1,64,1,17,58,750
9,1,1,18555,6370000,5750000,5120000,4470000,3840000,3210000,2560000,1920000,1280000,641297,255,228,214,198,186,178,167,150,130,114,74.6,25013,25267,23973,22556,20588,17980,15319,12852,9817,5601,64,1,64,1,17,58,750
9,1,1,22467,12000000,10900000,9650000,8440000,7240000,6030000,4830000,3620000,2410000,1210000,403,360,336,313,292,271,251,231,209,183,99.5,29760,30177,28704,26981,24754,22241,19221,15650,11525,6583,128,2,64,17,16,59,750
9,1,1,22877,12200000,11000000,9800000,8580000,7350000,6130000,4910000,3670000,2440000,1220000,404,360,339,315,294,271,252,232,209,183,82.5,30138,30567,28917,27241,25050,22578,19486,15832,11675,6672,128,2,64,17,16,59,750
9,1,1,22642,12000000,10800000,9600000,8410000,7220000,6010000,4800000,3600000,2400000,1200000,398,355,331,309,290,270,250,229,208,183,94,30034,30452,29047,27180,24919,22299,19244,15714,11544,6586,128,2,64,17,16,60,1100
9,1,1,23082,12200000,11000000,9750000,8580000,7350000,6110000,4910000,3670000,2450000,1220000,400,355,330,311,291,271,251,230,208,182,84,30477,31051,29540,27582,25212,22560,19553,15959,11786,6713,128,2,64,17,16,60,1100
9,1,2,20176,6650000,6010000,5340000,4680000,4000000,3340000,2670000,2000000,1330000,665861,240,218,202,189,178,170,160,151,134,111,66.1,27704,27616,26419,24780,22537,19684,16682,13245,9950,5979,64,1,64,1,17,58,750
9,1,2,19149,6420000,5810000,5160000,4510000,3870000,3230000,2580000,1930000,1290000,644115,243,219,204,190,180,170,159,148,138,123,76.8,26446,26508,25352,23732,21471,18988,16196,13025,9350,5252,64,1,64,1,17,58,750
9,1,2,23191,12200000,11000000,9760000,8530000,7320000,6100000,4880000,3660000,2440000,1220000,395,352,332,309,288,268,249,228,205,181,82.3,30749,31164,29377,27600,25362,22786,19611,16037,11858,6754,128,2,64,17,16,59,750
9,1,2,22879,12000000,10900000,9620000,8440000,7230000,6020000,4820000,3620000,2410000,1210000,394,353,328,308,288,268,248,228,206,181,92.4,30410,30786,29349,27411,25093,22520,19436,15872,11677,6660,128,2,64,17,16,59,750
9,1,2,23428,12200000,11000000,9730000,8550000,7330000,6120000,4880000,3660000,2440000,1220000,391,349,325,306,286,267,246,226,205,180,82.8,31106,31461,29931,27996,25580,22922,19844,16195,11929,6793,128,2,64,17,16,60,1100
9,1,2,22903,11900000,10800000,9590000,8400000,7200000,6000000,4800000,3590000,2400000,1200000,392,350,329,305,285,265,246,227,205,180,93.9,30496,30872,29115,27519,25239,22596,19535,15868,11683,6659,128,2,64,17,16,60,1100
9,4,2,12377,19700000,17800000,15800000,13800000,11600000,9890000,7910000,5920000,3950000,1980000,1324,1191,1064,942,836,761,688,618,547,471,315,14878,14932,14848,14668,13933,13002,11485,9579,7227,4194,224,8,28,25,3,4,0
9,4,2,11756,19900000,18200000,16100000,14100000,12100000,10100000,8050000,6040000,4040000,2020000,1474,1313,1150,1016,911,822,740,663,583,498,241,13473,13879,14027,13893,13265,12265,10881,9114,6923,4050,224,8,28,39,3,4,0
9,4,2,11472,19600000,18000000,16000000,14000000,12000000,10000000,8000000,6000000,3990000,2000000,1434,1324,1179,1042,929,838,758,678,597,512,256,13638,13596,13567,13422,12902,11929,10551,8853,6690,3911,224,8,28,39,3,4,0
9,14,10,10738,69400000,63400000,56100000,49100000,42100000,35100000,28100000,21000000,14000000,7010000,5288,5008,4612,3879,3357,3036,2743,2458,2184,1885,1446,13133,12663,12172,12658,12544,11560,10230,8564,6421,3720,784,28,28,39,3,4,0
9,7,10,12295,71000000,63200000,56900000,49800000,42700000,35600000,28500000,21400000,14200000,7120000,4985,4338,3879,3455,3075,2723,2458,2202,1939,1651,1052,14249,14571,14654,14417,13895,13070,11587,9708,7348,4313,784,28,28,25,9,4,0
9,7,10,11538,70600000,64100000,57100000,49800000,42800000,35700000,28600000,21400000,14300000,7140000,5366,4683,4141,3670,3302,2982,2681,2391,2102,1801,820,13159,13693,13795,13568,12977,11969,10656,8961,6787,3965,784,28,28,39,9,4,0
9,1,1,10273,836281,754110,669931,588192,501031,422806,335688,252321,167971,84612,87.2,68.8,55.6,46.3,40.4,35,29.9,26,22.8,20,16.8,9587,10961,12042,12715,12387,12068,11224,9688,7353,4228,6,1,6,8,7,61,300
9,1,1,11870,4960000,4430000,3960000,3480000,2990000,2490000,2000000,1490000,996750,496445,355,308,277,254,230,206,183,160,138,115,72.3,13985,14360,14296,13722,12983,12063,10914,9322,7209,4310,56,2,28,39,3,62,750
9,1,2,12091,4970000,4430000,3960000,3490000,2990000,2490000,1990000,1490000,996513,497750,352,305,273,250,225,201,178,157,136,114,67.7,14117,14513,14490,13973,13306,12395,11211,9490,7325,4372,56,2,28,39,3,62,750
9,1,2,11406,2530000,2290000,2030000,1780000,1520000,1270000,1010000,763471,509202,253847,183,163,144,129,117,106,97.4,88.8,79.8,70.3,45.6,13841,14066,14089,13783,13031,11908,10408,8600,6379,3611,28,1,28,42,24,62,750
9,1,2,12336,5030000,4570000,4040000,3540000,3030000,2520000,2020000,1520000,1010000,504275,357,314,273,242,217,197,177,159,139,119,57.7,14070,14560,14778,14635,13964,12846,11379,9550,7242,4249,56,2,28,42,10,62,750
9,1,2,11631,2630000,2400000,2140000,1860000,1600000,1340000,1070000,797725,533114,265897,177,164,150,136,124,112,101,91.1,81,71.1,50,14850,14654,14234,13675,12915,11888,10540,8761,6583,3742,28,1,28,43,24,62,750
9,1,2,13357,10200000,9070000,8160000,7160000,6120000,5110000,4090000,3070000,2050000,1020000,672,584,521,463,409,361,320,283,246,218,121,15218,15532,15655,15460,14954,14162,12784,10843,8326,4695,112,4,28,25,14,63,750
9,1,2,13010,10100000,9260000,8190000,7160000,6150000,5120000,4100000,3070000,2050000,1020000,688,614,532,467,416,374,337,301,266,228,95.8,14617,15079,15399,15354,14780,13693,12151,10177,7718,4495,112,4,28,42,14,64,1100
9,1,2,13154,10300000,9410000,8370000,7320000,6280000,5230000,4180000,3140000,2090000,1040000,711,625,547,477,418,370,331,294,256,217,119,14566,15061,15314,15345,15025,14121,12637,10684,8141,4807,112,4,28,44,14,65,1600
9,1,6,12886,20000000,18000000,16000000,14000000,12000000,10000000,8010000,6010000,4000000,2000000,1329,1178,1046,931,823,731,660,592,523,449,281,15029,15277,15313,15067,14604,13700,12138,10149,7656,4457,224,8,28,25,25,64,1100
9,1,6,12377,20400000,18400000,16300000,14300000,12300000,10200000,8170000,6130000,4090000,2040000,1479,1275,1122,990,875,791,710,631,552,469,182,13763,14422,14561,14467,14006,12915,11517,9715,7413,4360,224,8,28,39,25,66,1600
10,15,8,11047,85300000,76900000,68500000,59800000,51300000,42800000,34200000,25700000,17100000,8550000,7561,6574,5451,4627,3965,3444,3056,2702,2337,1950,891,11286,11703,12563,12932,12934,12418,11190,9495,7317,4382,840,30,28,35,10,4,0
10,16,8,11066,91000000,82000000,72900000,63800000,54700000,45600000,36400000,27300000,18200000,9110000,7967,6979,5791,4933,4232,3681,3263,2888,2501,2089,959,11419,11749,12587,12942,12923,12387,11166,9465,7285,4359,896,32,28,35,10,4,0
10,10,8,10954,56900000,51300000,45600000,39900000,34200000,28500000,22800000,17100000,11400000,5700000,4993,4383,3641,3117,2673,2332,2073,1837,1592,1335,631,11398,11702,12523,12801,12790,12220,10987,9308,7160,4271,560,20,28,35,10,4,0
10,11,8,11000,62600000,56400000,50100000,43900000,37600000,31300000,25100000,18800000,12500000,6260000,5479,4812,4005,3410,2932,2552,2265,2005,1739,1455,681,11422,11727,12516,12869,12831,12283,11073,9374,7214,4305,616,22,28,35,10,4,0
10,12,8,11001,68300000,61600000,54700000,47900000,41000000,34200000,27400000,20500000,13700000,6840000,5999,5261,4380,3725,3195,2775,2470,2183,1892,1584,735,11387,11702,12496,12859,12849,12334,11089,9403,7232,4316,672,24,28,35,10,4,0
10,13,8,10996,74100000,66700000,59300000,51900000,44500000,37100000,29700000,22200000,14800000,7410000,6532,5721,4743,4032,3461,3007,2674,2363,2045,1710,787,11338,11663,12500,12867,12859,12325,11098,9411,7250,4336,728,26,28,35,10,4,0
10,14,8,11046,79800000,71900000,63900000,55900000,47900000,39900000,31900000,24000000,16000000,8000000,7031,6137,5076,4325,3723,3222,2862,2530,2187,1828,838,11344,11710,12586,12933,12878,12393,11157,9474,7306,4374,784,28,28,35,10,4,0
10,8,8,10820,45500000,41100000,36500000,31900000,27400000,22800000,18200000,13700000,9130000,4560000,3982,3603,2987,2558,2199,1904,1668,1464,1263,1057,498,11424,11398,12219,12480,12454,11986,10938,9363,7228,4317,448,16,28,35,10,4,0
10,9,8,10780,51100000,46100000,41000000,35900000,30700000,25600000,20500000,15400000,10300000,5130000,4479,4072,3393,2887,2477,2144,1875,1644,1419,1190,558,11408,11327,12085,12431,12415,11959,10935,9356,7226,4307,504,18,28,35,10,4,0
10,1,2,13107,11900000,10700000,9530000,8360000,7170000,5960000,4780000,3610000,2390000,1190000,915,735,624,546,475,410,364,324,282,238,94.2,13031,14581,15288,15300,15091,14536,13116,11143,8479,5013,112,4,28,45,9,67,850
10,1,2,12190,11600000,10500000,9320000,8140000,6990000,5810000,4660000,3490000,2330000,1160000,956,779,662,574,497,429,380,335,291,248,99.6,12164,13436,14085,14181,14053,13548,12261,10416,8022,4699,112,4,28,35,9,67,850
10,1,2,12747,12100000,10900000,9680000,8460000,7270000,6060000,4840000,3630000,2420000,1210000,963,793,659,566,489,422,372,332,289,242,95.5,12574,13739,14681,14962,14872,14340,13003,10944,8379,4993,112,4,28,45,9,67,850
10,1,2,11964,11500000,10300000,9170000,8040000,6890000,5740000,4600000,3440000,2290000,1150000,957,787,665,576,497,431,383,339,294,245,99.8,11973,13125,13794,13963,13855,13302,12001,10149,7800,4680,112,4,28,35,9,67,850
10,1,2,12368,5690000,5130000,4570000,3990000,3420000,2850000,2280000,1710000,1140000,570324,430,372,325,281,242,210,185,163,143,126,58.4,13228,13813,14089,14230,14108,13560,12301,10465,7972,4531,56,2,28,46,26,68,800
11,5,4,6183,7410000,6670000,5930000,5190000,4450000,3700000,2970000,2220000,1480000,742987,877,804,752,703,655,608,560,512,463,411,247,8453,8291,7884,7378,6792,6092,5295,4343,3198,1806,100,5,20,47,27,4,0
12,1,2,11568,3380000,3010000,2690000,2370000,2000000,1650000,1360000,1020000,677618,338889,247,217,191,169,149,135,134,119,104,87.7,46.6,13706,13859,14099,14013,13451,12269,10102,8512,6544,3866,44,2,22,24,5,69,500
12,1,2,12047,5460000,4990000,4430000,3880000,3320000,2770000,2220000,1660000,1110000,553417,454,398,331,274,238,203,178,156,135,114,40.3,12019,12532,13389,14138,13941,13618,12474,10662,8193,4846,56,2,28,35,10,70,800
12,1,2,13613,5850000,5290000,4710000,4100000,3520000,2940000,2350000,1770000,1180000,591393,414,356,309,264,229,197,173,152,131,110,37.7,14154,14845,15256,15520,15366,14894,13595,11616,8981,5396,56,2,28,48,26,70,800
12,1,2,12801,5600000,5110000,4550000,4010000,3410000,2840000,2270000,1710000,1140000,569455,401,361,318,279,239,207,181,159,138,115,38.4,13964,14159,14281,14389,14230,13729,12509,10709,8251,4958,56,2,28,49,26,71,800
12,1,2,12438,5650000,5090000,4540000,3960000,3410000,2830000,2270000,1700000,1130000,566437,426,383,334,278,240,208,182,160,138,116,39.5,13280,13286,13579,14248,14185,13651,12462,10616,8196,4895,56,2,28,3,10,70,800
12,1,1,7908,474667,429153,383647,333845,285081,238443,191599,142793,94822,47303,47.9,44.6,40.4,36,32.1,28.9,26.1,22.7,20.4,18,14.4,9914,9626,9488,9273,8872,8262,7345,6279,4651,2631,4,1,4,50,12,72,500
12,4,2,11444,19500000,17600000,15600000,13700000,11700000,9780000,7820000,5860000,3910000,1960000,1478,1367,1208,1033,894,800,719,640,562,480,206,13179,12874,12932,13234,13119,12217,10879,9160,6957,4077,224,8,28,39,10,73,2200
13,1,2,10831,4360000,3960000,3510000,3070000,2640000,2190000,1760000,1320000,879550,438584,296,279,258,233,212,196,183,171,159,145,94.9,14729,14170,13597,13205,12467,11183,9579,7692,5539,3019,64,2,32,28,6,74,800
13,1,2,6507,2720000,2460000,2180000,1910000,1640000,1370000,1090000,821743,549429,272764,278,265,250,238,225,213,201,190,179,166,103,9773,9254,8733,8043,7298,6427,5451,4324,3064,1642,32,2,16,51,6,75,550
13,1,2,9248,4210000,3810000,3390000,2960000,2540000,2110000,1700000,1270000,846248,422942,307,295,282,268,249,232,217,203,188,171,103,13724,12941,12011,11064,10178,9117,7804,6262,4498,2470,64,2,32,52,6,75,550
13,1,2,8079,2450000,2240000,1990000,1740000,1490000,1240000,993670,746439,496618,247432,245,227,200,172,157,146,137,127,117,107,51.9,9983,9828,9959,10122,9485,8485,7277,5883,4244,2318,28,2,14,53,3,75,550
13,1,2,9230,3540000,3220000,2860000,2510000,2140000,1790000,1430000,1070000,716615,358898,343,318,279,228,194,173,156,142,128,113,52.4,10308,10137,10235,10974,11047,10360,9146,7562,5588,3174,36,2,18,54,3,75,550
13,1,2,9825,3980000,3620000,3230000,2810000,2410000,2010000,1610000,1210000,800690,402209,364,334,295,243,206,183,167,150,134,117,53.1,10928,10839,10941,11559,11707,10958,9660,8016,5975,3430,44,2,22,55,3,75,550
13,1,2,12306,5740000,5250000,4660000,4080000,3500000,2930000,2330000,1750000,1170000,586100,450,378,320,284,254,221,194,171,149,125,54.6,12746,13873,14550,14400,13797,13249,12023,10265,7854,4681,56,2,28,3,3,75,550
13,1,2,10255,4390000,3980000,3540000,3100000,2650000,2210000,1770000,1320000,886639,442556,387,354,312,258,218,194,174,157,140,121,53.4,11329,11240,11339,12003,12164,11405,10152,8437,6348,3659,48,2,24,56,3,75,550
13,1,2,9939,3160000,2870000,2550000,2230000,1910000,1590000,1270000,954090,634351,318891,264,240,217,196,175,156,139,122,107,91.3,52.5,11964,11976,11745,11383,10908,10186,9166,7806,5933,3491,36,2,18,5,1,76,550
13,1,2,11573,5350000,4890000,4340000,3800000,3260000,2720000,2180000,1630000,1090000,545079,419,375,328,286,248,216,192,170,148,126,67.2,12754,13049,13247,13281,13158,12572,11344,9603,7332,4338,56,2,28,57,3,77,800
14,1,1,8004,2940000,2650000,2360000,2060000,1770000,1480000,1180000,883970,591825,294178,302,272,246,221,198,178,159,140,124,108,75.9,9723,9753,9592,9303,8914,8306,7434,6300,4777,2730,36,2,18,23,28,78,700
14,1,1,12265,5660000,5090000,4580000,3960000,3400000,2830000,2270000,1700000,1130000,566825,426,359,318,277,243,214,192,172,151,128,61.8,13290,14187,14401,14278,13960,13201,11818,9914,7495,4412,56,2,28,45,29,79,750
14,1,1,11960,5570000,4990000,4460000,3890000,3340000,2790000,2230000,1670000,1120000,561044,423,357,316,277,242,215,198,178,156,133,64.2,13162,13996,14098,14068,13770,12962,11269,9339,7170,4210,56,2,56,35,3,80,750
14,1,1,0,528348,475865,425414,370835,317297,266533,212152,159918,104883,53168,47.6,46.9,44.9,41.2,36.5,32.1,28.2,24.3,21.4,18.6,14.8,11088,10155,9466,8997,8685,8297,7523,6571,4890,2854,4,1,4,50,12,81,350
14,1,1,0,623049,559499,501557,436132,374391,314798,250953,185688,124796,62065,66,65.5,62,54.8,46,37.1,31.3,26.5,23,19.7,15,9438,8541,8092,7961,8140,8476,8022,6997,5425,3151,4,1,4,58,12,81,350
14,1,1,0,527668,475386,421830,369665,319162,264613,210723,156849,105982,52863,51.1,50.5,47.8,45,40.5,35.7,31.9,30.1,27.2,24.3,19.9,10326,9419,8816,8212,7879,7419,6607,5219,3897,2176,4,1,4,50,12,82,400
14,1,4,8274,3160000,2860000,2540000,2220000,1910000,1590000,1270000,956240,636825,317613,303,279,257,233,209,187,167,148,131,114,82.5,10442,10237,9890,9534,9123,8483,7628,6446,4864,2796,36,0,18,59,30,83,980
14,1,1,19391,11300000,10200000,9110000,7960000,6830000,5700000,4550000,3410000,2290000,1140000,412,389,368,346,324,302,282,260,237,209,99.2,27544,26303,24786,23021,21085,18865,16162,13125,9649,5457,128,2,64,60,23,84,1000
14,1,1,10206,4410000,3970000,3530000,3080000,2650000,2200000,1770000,1320000,881725,438483,303,282,266,251,236,220,204,189,173,154,98.4,14549,14061,13266,12293,11239,10015,8637,7015,5106,2843,64,2,32,61,23,85,1000
14,1,2,13623,5550000,4940000,4380000,3830000,3300000,2770000,2220000,1670000,1110000,552954,385,309,271,237,212,189,170,153,135,116,48.6,14386,15981,16166,16163,15607,14650,13041,10883,8260,4781,56,2,28,36,3,86,800
14,1,2,13295,5620000,4980000,4430000,3900000,3370000,2790000,2260000,1700000,1130000,565016,416,325,280,246,217,194,175,156,137,118,48.1,13505,15341,15807,15839,15509,14409,12920,10869,8218,4800,56,2,28,62,3,86,800
