Hardware Vendor,Nodes,Form Factor,Result,ssj_ops @ 10% of target load,ssj_ops @ 90% of target load,ssj_ops @ 80% of target load,ssj_ops @ 70% of target load,ssj_ops @ 60% of target load,ssj_ops @ 50% of target load,ssj_ops @ 40% of target load,ssj_ops @ 30% of target load,ssj_ops @ 20% of target load,ssj_ops @ 10% of target load,Average watts @ 10% of target load,Average watts @ 90% of target load,Average watts @ 80% of target load,Average watts @ 70% of target load,Average watts @ 60% of target load,Average watts @ 50% of target load,Average watts @ 40% of target load,Average watts @ 30% of target load,Average watts @ 20% of target load,Average watts@10% of target load,Average watts @ active idle,Performance/power @ 10% of target load,Performance/power @ 90% of target load,Performance/power @ 80% of target load,Performance/power @ 70% of target load,Performance/power @ 60% of target load,Performance/power @ 50% of target load,Performance/power @ 40% of target load,Performance/power @ 30% of target load,Performance/power @ 20% of target load,Performance/power @ 10% of target load,# Cores,# Chips,# Cores Per Chip,Processor,DIMMS,Power Supply Details,Power Supply Rating (watts)
ASUSTeK Computer Inc.,1,1U,20908,60600,54700,48700,42700,36500,30400,24400,18300,12200,608773,214,201,189,175,161,149,131,120,109,10,51.4,28358,27149,25789,24360,22626,20457,18621,15320,11206,6061,64,1,64,AMD EPYC 7742 2.25 GHz,8 x 16 GB,Delta DPS-650XB E Rev.0F P/N: 0A10-03700,650
ASUSTeK Computer Inc.,1,1U,21168,58800,53100,47200,41200,35300,29500,23600,17700,11800,589426,206,191,177,162,149,138,127,117,107,10,56.4,28488,27771,26681,25448,23712,21308,18584,15147,11015,5895,64,1,64,AMD EPYC 7742 2.25 GHz,8 x 16 GB,Delta DPS-650XB E Rev.0F P/N: 0A10-03700,650
ASUSTeK Computer Inc.,1,1U,20214,117000,106000,93900,82300,70600,58800,47000,35300,23500,11800,430,40,372,344,311,294,270,244,227,197,106,27225,26427,25215,23940,22690,2014,17378,14480,10357,5973,128,2,64,AMD EPYC 7742 2.25 GHz,16 x 16 GB,ACBEL R1CA2801A REV:C P/N: 0A10-008150,80
ASUSTeK Computer Inc.,1,1U,20350,119000,108000,95900,83900,72000,6000,48000,36000,24000,12000,425,410,377,362,325,307,270,250,222,199,92.9,28081,26352,25432,23190,22169,19520,17788,14416,10829,6025,128,2,64,AMD EPYC 7742 2.25 GHz,16 x 16 GB,ACBEL R1CA2801A REV:C P/N: 0A10-008150,80
ASUSTeK Computer Inc.,1,2U,14274,58500,52800,46900,41100,35200,29400,23500,17600,11700,587425,405,328,283,248,213,187,165,147,127,107,47.4,14434,16084,16548,16529,16468,15723,14240,11977,9232,5481,56,2,28,Intel Xeon Platinum 8280L 2.70 GHz,12 x 16 GB,Delta DPS-850AB-3 Rev.C,850
ASUSTeK Computer Inc.,1,2U,14066,58600,52600,46900,41100,35100,29300,23500,17600,11700,589346,412,330,285,249,214,188,165,149,129,109,62.4,14242,15934,16435,16466,16440,15622,14194,11831,9125,5428,56,2,28,Intel Xeon Platinum 8280L 2.70 GHz,12 x 16 GB,Delta DPS-850AB-3 Rev.C,850
ASUSTeK Computer Inc.,1,2U,12727,53900,49400,43900,38400,32900,27400,22000,16400,11000,547494,385,347,306,269,235,205,179,154,129,106,48.2,13982,14234,14341,14304,1402,13366,12295,10695,8483,5157,56,2,28,Intel Xeon Platinum 8180 2.50 GHz,12 x 16 GB,Delta DPS-850AB-3 Rev.C,850
ASUSTeK Computer Inc.,4,2U,11935,193000,175000,155000,136000,117000,97100,77700,58300,38900,19400,1417,1287,1139,103,888,783,689,598,513,427,193,13592,13584,13651,13548,13127,12399,11277,9747,7576,4543,224,8,28,Intel Xeon Platinum 8176M,12 x 16 GB,Shared,0
Dell Inc.,4,2U,9472,129000,118000,103000,90300,77500,64600,51800,38700,25800,12900,1229,1071,924,802,705,647,589,522,449,371,210,10533,10978,11189,11267,10993,9994,8785,7422,5749,3489,144,8,18,Intel Xeon E5-2699 v3 2.30 GHz,8 x 8196 MB,N/A,0
Dell Inc.,4,2U,9288,13000,118000,104000,90700,77700,64800,51900,38900,25900,12900,1256,1105,948,823,721,658,593,525,455,382,228,10332,10716,10931,11021,10773,9857,8745,7411,5683,3385,144,8,18,Intel Xeon E5-2699 v3 2.30 GHz,8 x 8 GB,N/A,0
Dell Inc.,16,Blade,1062,57000,518000,457000,40000,343000,286000,229000,172000,114000,57200,4918,4306,3793,3346,3016,2781,2529,2226,1899,1581,878,11594,12038,12046,11956,11373,10281,9052,7709,6024,3619,704,32,22,Intel Xeon E5-2699 v4 2.20 GHz,8 x 16 GB,Shared,0
Dell Inc.,8,Blade,0,519000,474000,417000,362000,31000,259000,207000,156000,104000,51800,5429,4916,3901,3393,2968,270,2403,2105,1796,1478,839,9554,9651,10682,10669,10458,9592,8625,7390,5765,3503,576,32,18,Intel Xeon E5-4669 v3 2.10 GHz (Intel Turbo Boost technology up to 2.90 GHz),16 x 8 GB,Shared,0
Dell Inc.,1,1U,8913,856931,769188,687411,601199,512622,428614,342541,256976,171765,85416,93.1,81,67.2,55.9,47.5,41.7,36.6,32.3,28.5,25.1,20,9208,9499,10228,10762,1080,10289,9358,7965,6021,3408,6,1,6,Intel Xeon E-2176G,2 x 16 GB,Integrated 250W Bronze Efficiency,250
Dell Inc.,1,1U,9749,32400,29500,25900,22600,19500,16200,12900,970456,648195,324418,287,255,223,197,176,162,146,129,111,93.4,51.2,11284,11560,11623,11505,11033,100,8889,7528,5830,3473,36,2,18,Intel Xeon E5-2699 v3 2.30 GHz,8 x 8192 MB,Dell p/n KNHJV,750
Dell Inc.,1,1U,11157,35300,31800,28200,24700,21200,17700,14100,10600,706411,354529,279,240,209,184,167,154,141,124,107,89.8,46.7,12669,13270,13492,13408,12723,11449,1052,8530,660,3948,44,2,22,Intel Xeon E5-2699 v4 2.20 GHz,8 x 16 GB,Dell p/n KNHJV,750
Dell Inc.,1,1U,11542,57600,52000,46100,40400,34700,28900,23100,17300,11500,577465,469,421,357,301,261,232,202,176,151,125,55,12284,12352,12926,13420,13271,12454,11429,9850,7651,4614,56,2,28,Intel Xeon Platinum 8180 2.50 GHz,12 x 16 GB,Dell p/n KNHJV,750
Dell Inc.,1,1U,20184,111000,10000,89200,78100,66900,55800,44600,33500,22300,11200,404,382,358,331,305,280,258,236,214,188,81.6,27497,26323,24920,23574,21949,19910,17305,14173,10420,5938,128,2,64,AMD EPYC 7702 2.0 GHz,16 x 8 GB,80W Platinum Efficiency (450-AIQY),80
Dell Inc.,1,2U,10206,32500,29500,26000,22700,19500,16300,13000,974218,651757,32407,272,243,215,191,171,156,141,124,107,87.8,46.9,11952,12133,12065,11919,11413,10453,9225,7854,6115,3691,36,2,18,Intel Xeon E5-2699 v3 2.30 GHz,8 x 8192 MB,Dell p/n KNHJV,750
Dell Inc.,1,2U,11423,35100,31900,28200,24700,21200,17600,14100,10600,704701,351163,272,238,205,181,163,150,136,120,102,84.8,44.6,12898,13434,13737,13610,12954,11712,10365,8826,6899,4139,44,2,22,Intel Xeon E5-2699 v4 2.20 GHz,8 x 16 GB,Dell p/n KNHJV,750
Dell Inc.,1,2U,10802,33400,30400,26800,23400,20200,16800,13500,10100,670112,337218,269,236,205,182,166,152,138,122,105,88.4,44.9,12429,12852,13098,12844,12180,11040,9735,8263,6367,3815,44,2,22,Intel Xeon E5-2699 v4 2.20 GHz,8 x 16 GB,Dell p/n KNHJV,750
Dell Inc.,1,2U,11790,57300,51600,45900,40100,34400,28700,23000,17200,11400,573385,457,408,344,292,255,224,195,170,147,129,52.3,12541,12637,13337,13736,13487,12797,11753,10105,7770,4447,56,2,28,Intel Xeon Platinum 8180 2.50 GHz,12 x 16 GB,Dell p/n KNHJV,750
Dell Inc.,1,2U,12831,58100,52200,46500,40800,34900,29100,23300,17500,11700,580574,432,376,319,277,240,208,182,159,137,114,49.8,13454,13879,14556,14730,14569,14010,12809,10998,8519,5107,56,2,28,Intel Xeon Platinum 8280 2.70 GHz,12 x 16 GB,750W Titanium Dell SKU [450-ADWU],750
Dell Inc.,1,2U,11867,43700,39600,35200,30800,26400,22000,17600,13200,879965,439459,268,253,237,218,20,184,170,157,144,128,77.5,16337,15658,14889,14105,13193,11943,10330,840,6112,3425,64,2,32,AMD EPYC 7601 2.20 GHz,16 x 8 GB,Dell SKU [450-ADWR],750
Dell Inc.,1,2U,11064,43800,39600,35200,30800,26400,21900,17600,13200,876211,439432,287,271,253,234,214,197,182,168,154,138,84.9,15238,14597,13888,13150,12312,11153,9656,7847,5692,3195,64,2,32,AMD EPYC 7601 2.20 GHz,16 x 8 GB,Dell p/n Y26KX,110
Dell Inc.,1,2U,16501,56800,51200,45500,39900,34100,28500,22800,17100,11400,566487,246,236,220,205,186,164,151,141,130,117,99.5,23090,21739,20684,19473,18308,17357,15055,12102,8732,4830,64,1,64,AMD EPYC 7742 2.25 GHz,8 x 16 GB,750W Titanium Dell SKU [450-ADWU],750
Dell Inc.,1,2U,20910,111000,10000,89300,78000,67000,55800,44700,33400,22300,11200,393,370,347,321,294,270,250,229,207,181,72.3,28320,27151,25722,24308,22774,20683,17896,14625,10780,6166,128,2,64,AMD EPYC 7702 2.0 GHz,16 x 8 GB,80W Platinum Efficiency (450-AJEW),80
Dell Inc.,1,2U,11064,70600,64000,56400,49600,42500,35400,28400,21200,14100,706189,562,483,421,377,340,315,287,253,215,181,86.4,12581,13253,13416,13152,12486,11249,9901,8376,6567,3912,88,4,22,Intel Xeon E5-4669 v4 2.20 GHz,16 x 16 GB,Dell p/n 95HR5,160
Dell Inc.,1,2U,11962,114000,102000,91100,79700,68200,56900,45600,34100,22700,11400,923,822,689,575,496,430,374,326,280,232,85.6,12305,12465,13214,13864,13754,13254,12182,10472,8129,4922,112,4,28,Intel Xeon Platinum 8180 2.50 GHz,24 x 16 GB,Dell SKU 450-AFMR,160
Dell Inc.,1,2U,11872,115000,104000,92700,81200,69500,57900,46300,34700,23200,11600,939,839,710,592,511,442,383,333,286,237,89.8,12292,12406,13055,13717,13613,13108,12080,10413,8090,4891,112,4,28,Intel Xeon Platinum 8180 2.50 GHz,24 x 16 GB,Dell SKU 450-AFMR,160
Dell Inc.,1,3U,11958,115000,104000,92500,80900,69300,57800,46200,34600,23100,11500,915,820,694,583,502,437,383,336,292,245,106,12597,12688,13321,13879,13813,13230,12068,10303,7915,4703,112,4,28,Intel Xeon Platinum 8180 2.50 GHz,24 x 16 GB,Dell p/n T94HP,110
Dell Inc.,1,Tower,10103,32500,29700,25900,22700,19500,16200,13000,972113,645820,325183,273,247,217,191,172,157,142,126,108,89.6,48.1,11872,12021,11923,11867,11335,10351,9161,7742,5989,3630,36,2,18,Intel Xeon E5-2699 v3 2.30 GHz,8 x 8192 MB,Dell p/n KNHJV,750
Dell Inc.,1,Tower,11537,58100,52400,46600,40800,34900,29100,23300,17500,11700,586207,469,421,358,307,268,233,203,178,153,128,56,12387,12454,13011,13276,1303,12489,11453,9842,7596,4571,56,2,28,Intel Xeon Platinum 8180 2.50 GHz,12 x 16 GB,Dell P/N KNHJV,750
Fujitsu,4,Blade,10619,176000,159000,141000,125000,106000,88000,70400,52800,35200,17600,1412,1214,1078,969,867,787,718,652,587,520,329,12441,13061,13076,12894,12188,11183,9814,8092,605,3380,192,8,24,Intel Xeon Platinum 6252,12 x 16384 MB,N/A,0
Fujitsu,1,1U,17278,58200,52100,46300,40600,34800,29000,23100,17400,11600,576481,250,229,212,192,179,168,156,145,133,119,60.8,23274,22766,21789,21084,19384,17258,14770,11982,8712,4861,64,1,64,AMD EPYC 7742 2.25 GHz,8 x 32 GB,PYBPU651,650
Fujitsu,1,1U,6916,508013,463373,406011,356998,305028,252720,202718,153152,101051,50447,63.9,60.3,51.3,44,37.6,32.3,29.1,25.9,23.5,20.7,16,7947,7687,7909,8107,8104,7819,6969,5905,4304,2434,4,1,4,Intel Xeon E3-1275Lv3,2 x 8192 MB,Fujitsu Technology Solutions S26361-K1537-V101,30
Fujitsu,1,1U,7809,474047,427509,379044,332812,282416,236669,191106,141210,94558,47253,47.7,43.6,39,35.2,31.2,28.4,26.2,24.1,22.3,20.1,16,9932,9814,9710,9464,9049,8327,7304,5858,4234,2356,4,1,4,Intel Xeon E3-1260L v5,2 x 8192 MB,Standard power supply part of base unit S26361-K1550-V101,30
Fujitsu,1,1U,9281,586973,527938,471368,414492,353701,294232,235319,177117,118070,59428,56.1,51.5,44.5,37.3,31.9,28.2,25.4,23,20.5,17.5,13.1,10471,10244,10592,11120,11087,10444,9283,7695,5751,340,4,1,4,Intel Xeon E3-1230 v6,2 x 8192 MB,Standard power supply part of base unit S26361-K160-V101,30
Fujitsu,1,1U,8924,651586,582666,519605,455039,391263,322940,259677,195508,130148,64423,73.9,62.1,51.6,43.3,36.8,31.2,26.9,23.5,20.5,17.9,12.8,8821,9390,1074,10503,10643,10363,9654,8334,6341,3594,6,1,6,Intel Xeon E-2176G,2 x 8192 MB,Standard power supply part of base unit S26361-K1640-V101,30
Fujitsu,1,1U,11660,786578,718749,637381,559173,479727,395072,317856,238148,159527,79813,57.4,50.6,44.7,40.1,35.8,31.6,28.3,25.6,23.2,20.7,16.8,13702,14191,14258,13943,13402,12485,11234,9314,6864,3847,8,1,8,Intel Xeon E-2288G,2 x 8192 MB,S26113-F575-E13,450
Fujitsu,1,2U,10765,38700,34900,30900,27100,23300,19400,15500,11600,774176,387384,318,277,240,212,188,167,151,137,122,106,61.5,12191,12623,12904,12797,12385,11575,10259,8483,6334,3645,36,2,18,Intel Xeon Gold 5220,12 x 16384 MB,Fujitsu Technology Solutions S26113-F574-E13,80
Fujitsu,1,1U,9811,32300,29100,25800,22600,19400,16200,12900,970277,646383,322218,289,260,230,199,172,153,138,123,108,92.3,47.3,11191,11173,11236,11377,11283,10544,9367,7896,5982,3492,36,2,18,Intel Xeon E5-2699 v3 2.30 GHz,8 x 8192 MB,Fujitsu Technology Solutions S26113-F615-E10,80
Fujitsu,1,1U,10950,34500,31100,27600,24200,20700,17200,13800,10400,690427,344856,266,239,211,186,169,154,138,122,107,91.4,49.6,12954,12972,13062,12978,12295,11208,9973,8507,6481,3773,44,2,22,Intel Xeon E5-2699 v4 2.20 GHz,8 x 8192 MB,Fujitsu Technology Solutions S26113-F615-E10,80
Fujitsu,1,2U,1306,51900,46800,41700,36600,31100,26000,20800,15600,10400,520770,367,322,272,236,208,185,166,148,130,111,53.6,14140,14528,15298,15505,1508,14035,12533,10519,7956,4684,56,2,28,Intel Xeon Platinum 8276L 2.20 GHz,12 x 16384 MB,Fujitsu Technology Solutions S26113-F615-E10,80
Fujitsu,1,2U,11638,34500,31000,27500,24100,20700,17200,13700,10300,688822,342368,255,224,196,174,158,145,132,114,98.9,84.7,43.6,13504,13814,13988,13820,13081,11868,10433,9048,6965,4043,44,2,22,Intel Xeon E5-2699 v4 2.20 GHz,8 x 8192 MB,Fujitsu Technology Solutions S26113-F615-E10,80
Fujitsu,1,2U,12842,50800,45800,40800,35600,30500,25400,20400,15300,10200,506845,355,309,269,237,212,188,166,147,129,109,57.3,14293,14835,15137,15070,14420,13539,12239,10350,7889,4634,56,2,28,Intel Xeon Platinum 8176M,12 x 16 GB,Fujitsu Technology Solutions S26113-F615-E10,80
Fujitsu,1,2U,13502,55100,49800,44200,38700,33200,27600,22100,16600,11100,555330,388,322,276,242,213,189,169,150,132,112,58.3,14201,15442,16034,16028,15576,14620,13091,11037,8407,4955,56,2,28,Intel Xeon Platinum 8280L 2.70 GHz,12 x 16384 MB,Fujitsu Technology Solutions S26113-F615-E10,80
Fujitsu,1,2U,11991,46600,42000,37400,32700,28000,23300,18600,14000,930994,465123,332,303,269,235,208,183,163,146,129,112,58.2,14023,13849,13905,13907,13487,12701,11414,9563,7196,4164,56,2,28,Intel Xeon Platinum 8276L 2.20 GHz,12 x 16384 MB,Fujitsu Technology Solutions S26113-F615-E10,80
Fujitsu,1,4U,10699,32600,29400,26100,22900,19700,16300,13100,976085,652130,327272,267,241,212,185,161,144,129,115,99.9,84.5,40.1,12196,12201,12333,12390,12183,11336,10103,8514,6525,3873,36,2,18,Intel Xeon E5-2699 v3 2.30 GHz,8 x 8192 MB,Fujitsu Technology Solutions S26113-F615-E10,80
Fujitsu,1,4U,12079,34500,31000,27700,24100,20700,17300,13800,10400,690526,343507,243,218,192,167,152,139,127,113,96.9,82,41.7,14183,14202,14404,14439,13668,12421,10873,9252,7125,4188,44,2,22,Intel Xeon E5-2699 v4 2.20 GHz,8 x 8192 MB,Fujitsu Technology Solutions S26113-F615-E10,80
Fujitsu,1,2U,12828,102000,92300,82100,71800,61500,51300,41000,30700,20500,10300,733,631,549,483,430,382,334,294,254,211,94.9,13980,14629,14943,14876,14292,13444,12248,10472,8071,4854,112,4,28,Intel Xeon Platinum 8176M,24 x 8192 MB,Standard power supply part of base unit S26361-K1587-V10,160
Fujitsu,1,2U,1208,104000,93800,83500,73000,62600,52100,41800,31300,20900,10400,773,674,579,508,455,409,368,329,290,248,146,13487,13930,14423,14368,13765,12743,11341,9523,7215,4204,112,4,28,Intel Xeon Platinum 8176M,24 x 8192 MB,Standard power supply part of base unit S26361-K1587-V10,160
Fujitsu,1,2U,11886,105000,95000,84300,73900,63300,52700,42100,31700,21100,10600,785,687,590,522,467,419,376,336,295,253,148,13415,13818,14287,14145,13560,12574,11211,9423,7141,4176,112,4,28,Intel Xeon Platinum 8176M,24 x 8192 MB,Standard power supply part of base unit S26361-K1587-V10,160
Fujitsu,1,2U,12979,112000,101000,89400,78300,67200,56000,44700,33600,22400,11200,808,668,581,512,453,402,359,320,280,237,120,13815,15088,15393,15298,14849,13915,12459,10491,7981,4732,112,4,28,Intel Xeon Platinum 8280L 2.70 GHz,24 x 16384 MB,Standard power supply part of base unit S26361-K1657-V30,160
Fujitsu,1,2U,11444,94300,85100,75700,66200,56800,47300,37900,28400,18900,940508,710,647,572,501,442,390,348,311,274,235,113,13291,13151,13239,13206,12843,12103,10891,9134,6894,3994,112,4,28,Intel Xeon Platinum 8276L 2.20 GHz,24 x 16384 MB,Standard power supply part of base unit S26361-K1587-V20,160
Fujitsu,1,Tower,7535,508794,464610,401218,357316,305878,253982,203829,152176,101674,51444,60,57.4,46.8,40.7,34.7,29.6,26.5,23.4,21.1,18.3,13.3,8476,8101,8580,8772,8821,8570,7690,6499,4822,2818,4,1,4,Intel Xeon E3-1275Lv3,2 x 8192 MB,Fujitsu Technology Solutions S26113-E565-V70-01,250
Fujitsu,1,Tower,8944,478512,429767,383866,333825,289162,238762,191219,143580,94862,48106,44.7,40.2,35.8,31.4,28.1,25,22.6,20.4,18.4,16,11.6,10713,10692,10722,10622,10303,9536,8458,7032,5163,302,4,1,4,Intel Xeon E3-1260L v5,2 x 8192 MB,Fujitsu Technology Solutions S26113-E564-V71-01,250
Fujitsu,1,Tower,10427,591742,534498,474350,417545,356872,296352,237875,178292,118311,59729,51.8,47.9,40.9,34.6,29.5,25.5,22.5,19.9,17.2,14,9.33,11421,11154,11606,12070,12103,11629,10576,8958,6862,4254,4,1,4,Intel Xeon E3-1230 v6,2 x 8192 MB,Standard power supply part of base unit S26361-K1591-V201,250
Fujitsu,1,Tower,11089,695687,622632,555470,484278,418655,345565,277162,207569,139347,69264,61.8,49.8,42.8,36.8,32.3,27.9,24.4,21.4,18.9,16.2,11.7,11254,12501,12967,13163,12972,12375,11348,9685,7377,4277,6,1,6,Intel Xeon E-2176G,2 x 8192 MB,Standard power supply part of base unit S26361-K1638-V201,250
Fujitsu,1,Tower,9435,655699,589566,522263,455895,391846,325677,260292,196623,130916,65014,71.7,60.6,50,41.9,35.5,30,25.5,21.8,18.4,15.5,10,9148,9723,10440,10890,11050,10863,10211,9023,7096,4192,6,1,6,Intel Xeon E-2176G,2 x 8192 MB,Standard power supply part of base unit S26361-K1638-V201,250
Fujitsu,1,Tower,12364,797225,712828,635321,555428,47770,395875,317519,237991,159095,79687,56,48.1,42.5,37.7,33.6,29.6,26.1,23.5,21.2,18.8,16.3,14229,14834,14935,14746,14230,13374,12151,10132,7519,4237,8,1,8,Intel Xeon E-2288G,2 x 8192 MB,S26113-F575-E13,450
Fujitsu,1,Tower,8187,484122,435666,386466,338638,289910,242418,191117,145498,96975,48224,47.2,43.9,39.2,34.7,30.5,27,24.2,22.3,20.6,19.3,16.1,10267,9929,9856,9753,9513,8994,7912,6516,4718,2503,4,1,4,Intel Xeon E3-1240L v5,2 x 8192 MB,Standard power supply part of base unit S26361-K1552-V101,30
Fujitsu,1,Tower,100,587425,528569,472606,412459,351668,29210,234210,176891,117089,58469,51.2,47.1,41,34.8,29.7,26.1,23.4,21.4,19.4,16.7,12.4,11481,11230,11532,11851,11823,11175,1001,8273,6050,350,4,1,4,Intel Xeon E3-1230 v6,2 x 8192 MB,Standard power supply part of base unit S26361-K1601-V101,30
Fujitsu,1,Tower,12631,776812,705646,628060,556871,469204,389284,312897,235087,157397,77883,53.2,46.6,41.3,37.1,32.2,28.5,25.1,22.4,20.3,18.6,15.9,14594,15148,15214,15023,14552,13666,12479,10498,7771,4182,8,1,8,Intel Xeon E-2288G,2 x 8192 MB,Standard power supply part of base unit S26361-K1639-V101,30
Fujitsu,1,Tower,9031,652874,585813,523155,455777,388815,326150,258442,196481,13085,64384,72.9,61.4,51,42.6,35.8,30.8,26.3,22.8,20,18.2,14.9,8960,9544,10262,10697,10853,10604,9843,8616,6498,3539,6,1,6,Intel Xeon E-2176G,2 x 8192 MB,Standard power supply part of base unit S26361-K1639-V101,30
Fujitsu,1,Tower,11901,45100,40600,36000,31600,27000,22600,18000,13500,902810,451236,342,301,251,219,195,177,160,145,128,110,54.8,13184,13479,14325,14409,13825,12771,11241,9359,7052,4107,48,2,24,Intel Xeon Gold 6252 Processor,12 x 8192 MB,Fujitsu Technology Solutions S26113-F574-E13,80
Fujitsu,1,Tower,10685,32500,29300,26000,22800,19500,16200,13000,975794,648012,324198,264,240,214,185,161,144,129,114,99.4,84.3,40,12333,12196,12193,12306,12132,11293,1068,8555,6519,3846,36,2,18,Intel Xeon E5-2699 v3 2.30 GHz,8 x 8192 MB,Fujitsu Technology Solutions S26113-F615-E10,80
Fujitsu,1,Tower,12065,34400,31100,27600,24100,20700,17200,13800,10300,694746,343770,241,219,192,168,151,139,127,112,97.7,82.2,41.8,14272,14201,14334,14353,13668,12413,10844,9207,7113,4182,44,2,22,Intel Xeon E5-2699 v4 2.20 GHz,8 x 8192 MB,Fujitsu Technology Solutions S26113-F615-E10,80
GIGA-BYTE TECHNOLOGY CO. LTD.,1,1U,11207,45100,40800,36200,31700,27100,22600,18100,13600,905590,451980,296,277,256,230,209,195,182,171,159,150,95.5,15232,14701,14174,13781,12959,11618,9919,7984,5712,308,64,2,32,AMD EPYC 7601 2.20 GHz,16 x 8 GB,DELTA DPS-850AB-3 A,850
GIGA-BYTE TECHNOLOGY CO. LTD.,1,2U,18748,13000,117000,105000,89400,76200,65400,52200,39200,26100,13100,492,464,437,407,383,364,331,298,265,232,133,26421,25284,23953,21990,19883,17953,15765,13163,9830,5646,128,2,64,AMD EPYC 7742 2.25 GHz,16 x 16 GB,DELTA DPS-130AB-4 (P/N 25EP0-21300-D0S),130
H3C,1,2U,11654,34200,31300,27800,24200,20900,17400,13900,10500,696501,346448,252,230,204,174,158,144,129,115,102,88,40.1,13566,13637,13661,13895,13239,12098,10822,9054,6795,3935,44,2,22,Intel Xeon E5-2699 v4 2.20 GHz,8 x 8 GB,ASPOWER P/N 0213A05N,550
Hewlett Packard Enterprise,3,Blade,17076,32000,289000,257000,225000,193000,161000,128000,96400,64300,32100,1281,1216,1148,1082,1017,955,886,814,745,667,524,24964,23773,22389,20762,18929,16815,14499,11845,8633,4810,384,6,64,AMD EPYC 7702 2.0 GHz,16 x 16384 MB,Shared,0
Hewlett Packard Enterprise,2,Blade,1600,213000,193000,171000,15000,128000,107000,85600,64100,42800,21400,894,851,805,762,718,676,631,583,538,487,403,23831,22651,21245,19651,17891,15806,13562,1100,7951,4390,256,4,64,AMD EPYC 7702 2.0 GHz,16 x 16384 MB,Shared,0
Hewlett Packard Enterprise,4,Blade,17436,426000,385000,342000,30000,257000,214000,171000,128000,85600,42800,1687,1601,1506,1416,1327,1242,1150,1051,957,853,70,25259,24062,22742,21152,19352,17237,14883,12212,8937,5021,512,8,64,AMD EPYC 7702 2.0 GHz,16 x 16384 MB,Shared,0
Hewlett Packard Enterprise,4,Blade,17530,437000,395000,351000,307000,263000,22000,176000,132000,87800,43900,1721,1638,1553,1475,1395,1302,1180,1052,946,829,678,25409,24143,22622,20832,18881,16874,14887,12531,9280,5298,512,8,64,AMD EPYC 7742 2.25 GHz,16 x 16384 MB,Shared,0
Hewlett Packard Enterprise,1,1U,16226,55300,5000,44500,38900,33300,27800,22200,16700,11100,557513,231,222,212,203,194,183,168,149,129,113,79.5,23926,22568,21015,19195,17210,15218,13169,11205,8609,4943,64,1,64,AMD EPYC 7702P 2.0 GHz,8 x 16384 MB,1 x HPE 80W Flex Slot Titanium Hot Plug Low Halogen Power Supply Kit (865438-B21),80
Hewlett Packard Enterprise,1,1U,17349,58000,52400,46600,40800,35000,29200,23300,17500,11700,582648,230,218,207,195,185,175,164,150,129,114,78.7,25194,23995,22541,2090,18947,16635,14215,11684,9049,5111,64,1,64,AMD EPYC 7702P 2.0 GHz,8 x 16384 MB,HPE 80W Flex Slot Titanium Hot Plug Low Halogen Power Supply Kit (865438-B21),80
Hewlett Packard Enterprise,1,1U,15724,51400,46600,41400,36200,31100,25900,20700,15500,10300,517356,224,215,205,195,185,174,161,143,125,109,70.3,22950,21652,20190,18565,16824,14850,12815,10827,8254,4732,64,1,64,AMD EPYC 7702P 2.0 GHz,8 x 16384 MB,HPE 80W Flex Slot Titanium Hot Plug Low Halogen Power Supply Kit (865438-B21),80
Hewlett Packard Enterprise,1,1U,8083,21200,19200,17000,14900,12800,10600,849823,637862,424850,213195,181,170,161,153,145,136,127,116,105,92.3,61.7,11726,11299,10570,9735,8812,7797,6708,5502,4057,2310,32,1,32,AMD EPYC 7551P 2.0 GHz,8 x 16384 MB,HPE 80W Flex Slot Titanium Hot Plug Low Halogen Power Supply Kit (865438-B21),80
Hewlett Packard Enterprise,1,1U,11637,30300,27300,24300,21300,18200,15200,12200,908421,607240,302015,235,214,186,160,140,122,107,90.5,76.9,64.3,37.3,12854,12753,13064,1330,12978,12405,11392,1039,7896,4696,28,1,28,Intel Xeon Platinum 8280 2.70 GHz,6 x 8182 MB,HPE 80W Flex Slot Titanium Hot Plug Low Halogen Power Supply Kit (865438-B21),80
Hewlett Packard Enterprise,1,1U,12384,29400,26500,23600,20600,17700,14700,11800,884222,588997,294973,217,187,164,144,125,109,96.8,86.2,75.9,65,39.4,13586,14160,14352,14368,14207,13512,12184,10256,7760,4541,28,1,28,Intel Xeon Platinum 8280 2.70 GHz (Intel Turbo Boost Technology up to 4.0 GHz),6 x 8182 MB,HPE 80W Flex Slot Titanium Hot Plug Low Halogen Power Supply Kit (865438-B21),80
Hewlett Packard Enterprise,1,1U,11126,29600,26800,23800,20800,17800,14800,11900,889523,594972,297033,237,217,191,163,144,126,109,94.1,80.7,68.1,38.9,12518,12340,12445,12789,12415,11789,10855,9450,7374,4363,28,1,28,Intel Xeon Platinum 8180 2.50 GHz,6 x 8182 MB,HPE 80W Flex Slot Titanium Hot Plug Low Halogen Power Supply Kit (865438-B21),80
Hewlett Packard Enterprise,1,1U,11709,58000,52400,46500,40700,34900,29100,23300,17400,11600,581147,457,417,365,307,268,233,201,171,144,117,52.4,12699,12572,12752,13276,13033,12466,11575,10218,8106,4953,56,2,28,Intel Xeon Platinum 8180 2.50 GHz,12 x 8182 MB,HPE 80W Flex Slot Titanium Hot Plug Low Halogen Power Supply Kit (865438-B21),80
Hewlett Packard Enterprise,1,1U,11550,29900,27000,24000,21000,18100,15000,12000,898385,601396,30555,233,210,178,156,138,121,107,94.6,82.2,68.9,38.7,12840,12846,13477,13459,13101,12365,11174,9493,7314,4362,28,1,28,Intel Xeon Platinum 8180 2.50 GHz,6 x 8182 MB,DPS-80AB (865438-B21) 96%,80
Hewlett Packard Enterprise,1,1U,12488,58700,53000,47100,41200,35400,29400,23600,17700,11800,589575,448,404,339,287,247,213,186,162,140,116,50,1310,13127,13902,14324,14317,13836,12692,10883,8428,5066,56,2,28,Intel Xeon Platinum 8180 2.50 GHz,12 x 8182 MB,DPS-80AB (865438-B21) 96%,80
Hewlett Packard Enterprise,1,1U,12313,57800,52100,46300,40600,34800,29000,23200,17400,11600,581133,451,407,341,289,246,211,183,160,138,114,48.7,12825,12817,13592,14057,14152,13755,12665,10862,8432,5077,56,2,28,Intel Xeon Platinum 8180 2.50 GHz,12 x 8182 MB,DPS-80AB (865438-B21) 96%,80
Hewlett Packard Enterprise,1,1U,10118,31600,28500,25300,22100,18900,15800,12700,949976,629838,31504,276,248,218,188,162,145,133,118,101,83.7,45,11429,11485,11598,11771,11725,10870,9545,8043,6213,3765,36,2,18,Intel Xeon E5-2699 v3 2.30 GHz,8 x 8182 MB,HP 80W Flex Slot Titanium Hot Plug Power Supply Kit (720482-B21),80
Hewlett Packard Enterprise,1,2U,11540,57600,51900,46200,40400,34600,28900,23100,17300,11500,575883,461,419,366,308,271,237,203,173,145,118,49.3,12491,12390,12642,13103,12767,1220,11364,1026,7986,4872,56,2,28,Intel Xeon Platinum 8180 2.50 GHz,12 x 8182 MB,HPE 80W Flex Slot Titanium Hot Plug Low Halogen Power Supply Kit (865438-B21),80
Hewlett Packard Enterprise,1,2U,18294,111000,10000,89100,78000,66800,55700,44500,33400,22300,11100,423,401,378,355,333,314,292,261,228,199,163,26252,25022,23570,21958,2082,17774,15242,12788,9784,5585,128,2,64,AMD EPYC 7702 2.0 GHz,16 x 16384 MB,HPE 80W Flex Slot Titanium Hot Plug Low Halogen Power Supply Kit (865438-B21),80
Hewlett Packard Enterprise,1,2U,18051,107000,96500,85700,75000,64200,53600,42800,32100,21500,10700,422,401,378,357,335,311,280,248,221,197,111,25277,24055,22650,21027,19183,17230,15276,12958,9694,5420,128,2,64,AMD EPYC 7702 2.0 GHz,16 x 16384 MB,HPE 80W Flex Slot Titanium Hot Plug Low Halogen Power Supply Kit (865438-B21),80
Hewlett Packard Enterprise,1,2U,11140,42800,38500,34300,3000,25700,21400,17200,12900,854414,427894,295,269,246,218,199,184,172,160,148,137,88.3,14538,14347,13963,13726,12948,11614,9991,8041,5784,3124,64,2,32,AMD EPYC 7601 2.20 GHz,16 x 8192 MB,HPE 80W Flex Slot Titanium Hot Plug Low Halogen Power Supply Kit (865438-B21),80
Hewlett Packard Enterprise,1,2U,11044,43000,38700,34300,30100,25800,21500,17200,12900,859238,430149,298,271,248,220,199,193,179,165,150,136,81.1,14423,14244,13871,13706,12969,11110,9607,7817,5712,3174,64,2,32,AMD EPYC 7601 2.20 GHz,16 x 8192 MB,HPE 80W Flex Slot Titanium Hot Plug Low Halogen Power Supply Kit (865438-B21),80
Hewlett Packard Enterprise,1,2U,13022,116000,105000,93400,81700,70100,58400,46600,35000,23300,11700,849,740,632,548,474,409,358,315,272,227,103,13713,1420,14786,14913,14795,14267,1303,11095,8560,5143,112,4,28,Intel Xeon Platinum 8280 2.70 GHz (Intel Turbo Boost Technology up to 4.0 GHz),24 x 8192 MB,HPE 80W Flex Slot Titanium Hot Plug Low Halogen Power Supply Kit (865438-B21),80
Hewlett Packard Enterprise,1,2U,12045,12000,108000,96300,84200,72100,60200,48100,36100,24100,12000,942,849,733,619,538,467,401,340,281,229,90.1,12734,12747,13133,13598,13410,12883,11995,10605,8550,5266,112,4,28,Intel Xeon Platinum 8280 2.70 GHz,24 x 8192 MB,HPE 80W Flex Slot Titanium Hot Plug Low Halogen Power Supply Kit (865438-B21),80
Hewlett Packard Enterprise,1,2U,11463,116000,104000,92700,81100,69400,57900,46300,34700,23100,11600,942,854,743,623,545,476,410,348,290,236,88.6,12271,12197,12469,13028,12741,12175,11304,9987,7989,4910,112,4,28,Intel Xeon Platinum 8180 2.50 GHz,24 x 8192 MB,HPE DPS-80AB-35 A 96% (865438-B21),80
Hewlett Packard Enterprise,1,2U,12120,117000,106000,94100,82400,70600,58800,47100,35300,23500,11700,944,851,716,598,510,431,373,324,277,228,82.9,12424,12427,13151,13779,13845,13621,12614,10895,8498,5154,112,4,28,Intel Xeon Platinum 8180 2.50 GHz,24 x 8192 MB,HPE DPS-80AB-35 A 96% (865438-B21),80
Hewlett Packard Enterprise,1,2U,11662,113000,102000,90600,79300,68000,56700,45300,34000,22600,11300,936,847,706,592,510,438,378,329,281,232,88.9,12058,12044,12818,13381,13336,12958,11983,10334,8037,4871,112,4,28,Intel Xeon Platinum 8180 2.50 GHz,24 x 8192 MB,HPE DPS-80AB-35 A 96% (865438-B21),80
Hewlett Packard Enterprise,1,2U,8151,52200,47500,42200,36900,31600,26400,21100,15800,10600,527060,557,498,433,382,340,315,289,257,218,178,86.3,9376,9534,9735,9675,9302,8391,7309,6159,4853,2953,72,4,18,Intel Xeon E5-4669 v3 2.10 GHz,8 x 8192 MB,HPE 656364-B21,120
Hewlett Packard Enterprise,1,4U,11234,118000,106000,94500,82800,70900,59100,47300,35500,23700,11800,982,888,773,657,563,487,419,356,297,243,119,11990,11981,12226,12595,12601,12138,11310,9957,7979,4866,112,4,28,Intel Xeon Platinum 8280 2.70 GHz,24 x 16384 MB,HPE 160W Flex Slot Platinum Hot Plug Low Halogen Power Supply Kit 94% (830272-B21),160
Hewlett Packard Enterprise,1,4U,12132,115000,104000,92000,80500,69100,57400,46100,34600,23000,11500,894,796,663,575,495,427,376,331,289,243,123,12832,13013,13866,14011,13952,13441,12248,10430,7957,4745,112,4,28,Intel Xeon Platinum 8280 2.70 GHz (Intel Turbo Boost Technology up to 4.0 GHz),24 x 16384 MB,HPE 160W Flex Slot Platinum Hot Plug Low Halogen Power Supply Kit 94% (830272-B21),160
Hewlett Packard Enterprise,1,4U,11424,116000,105000,92800,81300,69600,58000,46400,34800,23200,11600,963,882,744,618,527,451,394,346,299,251,110,12028,11855,12476,13152,13212,12863,11775,1043,7761,4631,112,4,28,Intel Xeon Platinum 8180 2.50 GHz,24 x 8192 MB,HSTNS-PR62 (830272-B21),160
Hewlett Packard Enterprise,1,Tower,11611,59400,53500,47700,41700,35800,29800,23800,17800,11900,596719,474,428,373,318,278,241,207,175,147,122,56.8,12525,12513,12770,13131,12882,12348,1150,10168,8099,4910,56,2,28,Intel Xeon Platinum 8280 2.70 GHz,12 x 16384 MB,HPE 80W Flex Slot Titanium Hot Plug Low Halogen Power Supply Kit (865438-B21),80
Hewlett Packard Enterprise,1,Tower,12272,57400,51700,46000,40200,34600,28800,23000,17200,11500,575604,435,385,328,284,246,213,187,166,145,123,64.2,13193,13438,14052,14169,14025,13508,12272,10381,7937,4679,56,2,28,Intel Xeon Platinum 8280 2.70 GHz (Intel Turbo Boost Technology up to 4.0 GHz),12 x 16384 MB,HPE 80W Flex Slot Titanium Hot Plug Low Halogen Power Supply Kit (865438-B21),80
Hewlett Packard Enterprise,1,Tower,10916,56500,51000,45300,39600,34000,28300,22600,17000,11400,565772,471,428,370,314,279,246,215,185,156,129,59.4,11994,11898,12244,12613,12201,11523,10550,9173,7254,4399,56,2,28,Intel Xeon Platinum 8180 2.50 GHz,12 x 16384 MB,HPE 80W Flex Slot Titanium Hot Plug Low Halogen Power Supply Kit (865438-B21),80
Hewlett Packard Enterprise,1,Tower,11845,58000,52400,46600,40800,34900,29200,23300,17500,11600,583190,459,415,347,298,258,224,196,172,149,125,58.1,12625,12622,13432,13656,13496,13031,11875,10165,7825,4674,56,2,28,Intel Xeon Platinum 8180 2.50 GHz,12 x 16384 MB,DPS-80AB (865438-B21) 96%,80
Hewlett Packard Enterprise,5,7U,11215,288000,26000,231000,202000,173000,144000,115000,86600,57800,28800,2295,2030,1737,1522,1336,1177,1055,951,848,740,459,12540,12794,13307,13275,12961,12271,10939,9105,6810,3898,280,10,28,Intel Xeon Platinum 8280 2.70 GHz (Intel Turbo Boost Technology up to 4.0 GHz),12 x 16384 MB,N/A,0
Hewlett Packard Enterprise,4,7U,10975,231000,209000,185000,162000,139000,116000,92700,69500,46300,23100,1860,1647,1413,1245,1095,967,871,788,707,620,398,12432,12674,13123,13038,12711,11976,10651,8823,6545,3729,224,8,28,Intel Xeon Platinum 8280 2.70 GHz (Intel Turbo Boost Technology up to 4.0 GHz),12 x 16384 MB,N/A,0
Hewlett Packard Enterprise,3,7U,10580,173000,156000,139000,121000,104000,86600,69300,52100,34600,17400,1418,1258,1086,960,849,753,681,620,558,493,328,12188,12398,12758,12622,12238,11499,10188,8408,6214,3525,168,6,28,Intel Xeon Platinum 8280 2.70 GHz (Intel Turbo Boost Technology up to 4.0 GHz),12 x 16384 MB,N/A,0
Hewlett Packard Enterprise,2,7U,9936,116000,104000,92600,81000,69600,58000,46300,34800,23200,11600,982,876,760,679,603,540,491,450,409,365,257,11773,11908,12188,11938,11530,10746,9434,7734,5671,3173,112,4,28,Intel Xeon Platinum 8280 2.70 GHz (Intel Turbo Boost Technology up to 4.0 GHz),12 x 16384 MB,N/A,0
Hewlett Packard Enterprise,11,7U,11804,633000,572000,508000,445000,381000,317000,254000,191000,127000,63500,4975,4359,370,3223,2796,2433,2161,1929,170,1459,845,12733,13115,13728,13801,13636,13046,11758,9874,7471,4357,616,22,28,Intel Xeon Platinum 8280 2.70 GHz (Intel Turbo Boost Technology up to 4.0 GHz),12 x 16384 MB,N/A,0
Hewlett Packard Enterprise,10,7U,11754,576000,52000,462000,404000,346000,289000,231000,173000,116000,57800,4519,3973,3373,2936,2552,2224,1977,1767,1561,1339,779,12736,13083,13697,13758,13575,12972,11678,9794,7405,4315,560,20,28,Intel Xeon Platinum 8280 2.70 GHz (Intel Turbo Boost Technology up to 4.0 GHz),12 x 16384 MB,N/A,0
Hewlett Packard Enterprise,9,7U,11676,518000,468000,416000,363000,312000,26000,208000,156000,104000,51900,4073,3593,3045,2653,2310,2017,1797,1607,1420,1223,714,12716,13013,13649,13699,13493,12868,11561,9698,7314,4244,504,18,28,Intel Xeon Platinum 8280 2.70 GHz (Intel Turbo Boost Technology up to 4.0 GHz),12 x 16384 MB,N/A,0
Hewlett Packard Enterprise,8,7U,11603,46000,415000,369000,323000,277000,231000,185000,138000,92500,46100,3627,3194,2711,2366,2063,1806,1611,1443,1279,1104,658,12687,12998,13613,13646,13417,12767,11472,9594,7232,4179,448,16,28,Intel Xeon Platinum 8280 2.70 GHz (Intel Turbo Boost Technology up to 4.0 GHz),12 x 16384 MB,N/A,0
Hewlett Packard Enterprise,7,7U,11516,403000,364000,323000,283000,242000,202000,162000,121000,80700,40300,3182,2810,2382,2085,1820,1594,1423,1278,1135,982,585,12653,12938,13559,13561,13317,12665,11346,9480,7116,4108,392,14,28,Intel Xeon Platinum 8280 2.70 GHz (Intel Turbo Boost Technology up to 4.0 GHz),12 x 16384 MB,N/A,0
Hewlett Packard Enterprise,6,7U,11390,345000,311000,277000,242000,207000,173000,138000,104000,69100,34600,2736,2418,2057,180,1573,1380,1235,1111,990,859,518,12596,12854,13445,13439,13175,12520,11188,9327,6986,4028,336,12,28,Intel Xeon Platinum 8280 2.70 GHz (Intel Turbo Boost Technology up to 4.0 GHz),12 x 16384 MB,N/A,0
Hewlett Packard Enterprise,12,7U,11845,691000,624000,555000,485000,416000,347000,277000,208000,139000,69400,5384,4704,4027,3510,3056,2664,2360,2103,1854,1591,922,12832,13268,13770,13829,13619,13014,11743,9884,7486,4361,672,24,28,Intel Xeon Platinum 8280 2.70 GHz (Intel Turbo Boost Technology up to 4.0 GHz),12 x 16384 MB,N/A,0
Hewlett Packard Enterprise,12,Blade,11051,712000,643000,571000,50000,428000,357000,286000,214000,143000,71400,5938,5352,4645,3963,3460,3018,2620,2241,1898,1590,807,11994,1206,12302,12630,12382,11827,10912,9562,7526,4492,672,24,28,Intel Xeon Platinum 8280 2.70 GHz,12 x 16384 MB,N/A,0
Hewlett Packard Enterprise,11,Blade,11017,652000,589000,523000,458000,392000,327000,262000,196000,131000,65300,5431,4910,4269,3638,3174,2770,2404,2059,1745,1464,756,1204,11989,12245,12592,12353,11793,10880,9520,7489,4460,616,22,28,Intel Xeon Platinum 8280 2.70 GHz,12 x 16384 MB,N/A,0
Hewlett Packard Enterprise,10,Blade,10951,592000,534000,475000,415000,356000,297000,237000,178000,119000,59200,4940,4464,3894,3313,2899,2533,220,1889,1603,1347,70,11974,11956,12194,12535,12286,11709,10788,9425,7406,4397,560,20,28,Intel Xeon Platinum 8280 2.70 GHz,12 x 16384 MB,N/A,0
Hewlett Packard Enterprise,9,Blade,10897,532000,48000,427000,374000,32000,267000,214000,16000,107000,53400,4444,4024,3519,2990,2617,2293,1996,1716,1459,1231,645,11978,11937,12145,12493,12239,11642,10702,9334,7322,4340,504,18,28,Intel Xeon Platinum 8280 2.70 GHz,12 x 16384 MB,N/A,0
Hewlett Packard Enterprise,8,Blade,10825,473000,427000,38000,332000,284000,237000,19000,142000,94900,47400,3958,3588,3130,2664,2339,2053,1789,1541,1314,1110,598,11947,11899,12129,12457,12162,11551,10599,9233,7219,4273,448,16,28,Intel Xeon Platinum 8280 2.70 GHz,12 x 16384 MB,N/A,0
Hewlett Packard Enterprise,7,Blade,10762,414000,374000,333000,29000,249000,208000,166000,125000,83200,41500,3472,3145,2751,2341,2058,1808,1579,1364,1167,990,535,11920,11878,12104,12408,12098,11480,10516,9129,7127,4190,392,14,28,Intel Xeon Platinum 8280 2.70 GHz,12 x 16384 MB,N/A,0
Hewlett Packard Enterprise,6,Blade,10684,355000,321000,285000,249000,214000,178000,142000,107000,71200,35600,2980,2703,2368,2023,1780,1566,1369,1185,1016,864,477,11920,11862,12043,12327,12010,11373,10404,9027,7015,4123,336,12,28,Intel Xeon Platinum 8280 2.70 GHz,12 x 16384 MB,N/A,0
Hewlett Packard Enterprise,5,Blade,10552,296000,267000,237000,208000,178000,148000,119000,89100,59400,29700,2494,2265,1985,1701,1499,1323,1162,109,868,742,425,11874,11804,11963,12220,11892,11226,10231,8836,6842,403,280,10,28,Intel Xeon Platinum 8280 2.70 GHz,12 x 16384 MB,N/A,0
Hewlett Packard Enterprise,11,Other,10693,63000,569000,506000,443000,379000,316000,253000,19000,126000,63300,5402,4896,4117,3540,3079,2684,2379,2111,1851,1581,864,11658,11622,12297,1250,12322,11776,10644,8992,6831,403,616,22,28,Intel Xeon Platinum 8180 2.50 GHz,12 x 16384 MB,Shared,0
Hewlett Packard Enterprise,10,Other,10641,573000,517000,46000,402000,345000,287000,23000,172000,115000,57500,4918,4451,3741,3229,2816,2457,2179,1936,1699,1454,814,11657,11622,12292,12458,12244,1170,10554,8910,6758,3955,560,20,28,Intel Xeon Platinum 8180 2.50 GHz,12 x 16384 MB,Shared,0
Hewlett Packard Enterprise,9,Other,10541,515000,465000,413000,362000,31000,258000,207000,155000,103000,51600,4444,4022,3384,2927,2551,2232,1985,1766,1554,1332,746,11596,11566,12217,12356,12141,11571,10411,8768,6657,3874,504,18,28,Intel Xeon Platinum 8180 2.50 GHz,12 x 16384 MB,Shared,0
Hewlett Packard Enterprise,8,Other,10429,458000,413000,368000,321000,276000,23000,184000,138000,91900,46000,3971,3594,3038,2625,2295,207,1784,1590,1402,1211,695,11532,11501,12110,12239,12011,11440,10298,8663,6553,3797,448,16,28,Intel Xeon Platinum 8180 2.50 GHz,12 x 16384 MB,Shared,0
Hewlett Packard Enterprise,7,Other,10301,401000,362000,322000,282000,241000,201000,161000,121000,80500,40200,3497,3173,2683,2322,2031,1784,1586,1418,1254,1087,627,11464,11408,11995,12128,11879,11271,10144,8509,6417,3699,392,14,28,Intel Xeon Platinum 8180 2.50 GHz,12 x 16384 MB,Shared,0
Hewlett Packard Enterprise,6,Other,10203,343000,31000,275000,241000,206000,172000,138000,103000,68800,34400,2999,2724,2312,1999,1755,1541,1376,1233,1097,946,553,11435,11365,11913,12053,11764,11153,9995,8367,6270,3637,336,12,28,Intel Xeon Platinum 8180 2.50 GHz,12 x 16384 MB,Shared,0
Hewlett Packard Enterprise,5,Other,10237,286000,258000,229000,201000,172000,143000,115000,86100,57300,28600,2495,2266,1920,1658,1456,1281,1144,1024,905,782,466,11458,11390,11943,12116,11811,11190,1024,8412,6330,3662,280,10,28,Intel Xeon Platinum 8180 2.50 GHz,12 x 16384 MB,Shared,0
Hewlett Packard Enterprise,12,Other,10872,688000,621000,551000,483000,414000,345000,276000,207000,138000,69000,5816,5269,4417,3803,3303,2884,2553,2263,1982,1689,901,11825,11795,12485,12692,12532,11956,10805,9146,6960,4087,672,24,28,Intel Xeon Platinum 8180 2.50 GHz,12 x 16384 MB,Shared,0
Hewlett Packard Enterprise,6,Blade,12042,689000,622000,553000,484000,415000,345000,276000,207000,138000,69100,5409,4789,3995,3456,2982,2577,2274,2018,1765,1501,781,12744,12983,13840,13999,13903,13406,12148,10282,7833,4601,672,24,28,Intel Xeon Platinum 8280 2.70 GHz (Intel Turbo Boost Technology up to 4.0 GHz),24 x 16384 MB,N/A,0
Hewlett Packard Enterprise,5,Blade,11942,573000,517000,46000,402000,345000,287000,23000,173000,115000,57400,4503,3997,3343,2893,2501,2169,1916,1703,1493,1274,675,12734,12946,13762,13912,13791,13248,12012,10135,7703,4508,560,20,28,Intel Xeon Platinum 8280 2.70 GHz (Intel Turbo Boost Technology up to 4.0 GHz),24 x 16384 MB,N/A,0
Hewlett Packard Enterprise,4,Blade,11799,459000,414000,368000,322000,276000,23000,184000,138000,92000,45900,3611,3207,2688,2334,2025,1761,1562,1393,1227,1051,570,12703,12908,13688,13792,13622,13061,11786,9902,7503,4371,448,16,28,Intel Xeon Platinum 8280 2.70 GHz (Intel Turbo Boost Technology up to 4.0 GHz),24 x 16384 MB,N/A,0
Hewlett Packard Enterprise,3,Blade,11547,344000,311000,276000,241000,207000,173000,138000,103000,69100,34500,2731,2424,2045,1782,1552,1356,1207,1079,957,826,465,12601,12810,13488,13552,13332,12721,11432,9589,7224,4173,336,12,28,Intel Xeon Platinum 8280 2.70 GHz (Intel Turbo Boost Technology up to 4.0 GHz),24 x 16384 MB,N/A,0
Hewlett Packard Enterprise,2,Blade,10977,229000,207000,184000,161000,138000,115000,91900,68900,46000,22900,1864,1667,1411,1237,1084,954,857,773,692,603,361,12289,12401,13029,12989,12705,12041,10726,8916,6648,3803,224,8,28,Intel Xeon Platinum 8280 2.70 GHz (Intel Turbo Boost Technology up to 4.0 GHz),24 x 16384 MB,N/A,0
Hewlett Packard Enterprise,6,Blade,11179,711000,641000,571000,499000,428000,356000,285000,214000,143000,71300,5989,5401,4667,3940,3404,2946,2543,2171,1816,1505,679,11873,11873,12228,12664,12575,12102,11214,9852,7853,4735,672,24,28,Intel Xeon Platinum 8280 2.70 GHz,24 x 16384 MB,N/A,0
Hewlett Packard Enterprise,5,Blade,11074,591000,534000,474000,415000,356000,297000,237000,178000,119000,59200,4983,4502,3912,3304,2859,2482,2143,1835,1540,1279,592,11857,11855,12129,12556,12445,11947,11073,9687,7702,4631,560,20,28,Intel Xeon Platinum 8280 2.70 GHz,24 x 16384 MB,N/A,0
Hewlett Packard Enterprise,4,Blade,1107,473000,427000,38000,332000,285000,238000,19000,142000,95000,47500,3978,3602,3135,2655,2303,203,1737,1490,1260,1053,50,11897,11864,12117,12515,12381,11865,10940,9560,7543,4506,448,16,28,Intel Xeon Platinum 8280 2.70 GHz,24 x 16384 MB,N/A,0
Hewlett Packard Enterprise,3,Blade,10754,354000,319000,284000,248000,213000,177000,142000,106000,71000,35500,304,2722,2378,2023,1758,1536,1337,1154,981,828,421,11782,11725,11949,12277,12108,11556,10616,9229,7235,4291,336,12,28,Intel Xeon Platinum 8280 2.70 GHz,24 x 16384 MB,N/A,0
Hewlett Packard Enterprise,2,Blade,10349,237000,214000,19000,166000,143000,119000,95100,71400,47500,23800,2045,1859,1629,1394,1220,1077,942,821,706,604,330,11592,11504,11672,11944,11689,11039,1096,8697,6733,3936,224,8,28,Intel Xeon Platinum 8280 2.70 GHz,24 x 16384 MB,N/A,0
Hewlett Packard Enterprise,5,Other,10855,577000,52000,462000,405000,347000,289000,231000,173000,116000,57800,501,4514,3773,3218,2772,2392,2102,1857,1616,1369,664,11533,11528,12250,12581,12503,12091,10999,9335,7158,4221,560,20,28,Intel Xeon Platinum 8180 2.50 GHz,24 x 16384 MB,Shared,0
Hewlett Packard Enterprise,4,Other,10648,461000,416000,37000,324000,277000,231000,185000,139000,92400,46100,4030,3643,3064,2618,2259,1958,1725,1523,1330,1138,572,11436,11417,12072,12359,12278,11799,10718,9099,6948,4052,448,16,28,Intel Xeon Platinum 8180 2.50 GHz,24 x 16384 MB,Shared,0
Hewlett Packard Enterprise,3,Other,10373,345000,311000,277000,242000,207000,173000,138000,104000,69200,34600,3048,2764,2332,1989,1733,1510,1335,1192,1048,902,478,11319,11266,11869,12165,11969,11450,10369,8708,6596,3834,336,12,28,Intel Xeon Platinum 8180 2.50 GHz,24 x 16384 MB,Shared,0
Hewlett Packard Enterprise,2,Other,10323,231000,208000,185000,162000,139000,116000,92600,69500,46300,23100,2048,1858,1568,1337,1168,1017,904,797,701,603,326,11280,11208,11812,12120,11885,11374,10237,8716,6601,3839,224,8,28,Intel Xeon Platinum 8180 2.50 GHz,24 x 16384 MB,Shared,0
Hewlett Packard Enterprise,6,Other,11021,694000,626000,557000,487000,417000,348000,279000,209000,139000,69600,5968,5387,4510,3815,3284,2837,2484,2183,1895,1596,758,11630,11627,12350,12771,12710,12266,11214,9562,7345,4361,672,24,28,Intel Xeon Platinum 8180 2.50 GHz,24 x 16384 MB,Shared,0
Hewlett Packard Enterprise,1,2U,0,56000,50500,44800,39200,33600,28000,22400,16800,11200,558911,566,515,466,423,381,340,302,267,231,195,96.4,9890,9801,9602,9273,8829,8230,7420,6310,4833,2868,72,4,18,Intel Xeon E5-4669 v3 2.10 GHz,16 x 8182 MB,656364-B21,120
Huawei Technologies Co. Ltd,1,1U,14209,60700,54900,48500,42400,36500,30300,24300,18200,12100,603554,421,336,269,247,216,195,188,165,142,119,51.7,14413,16370,18052,17135,16863,15548,12898,10991,8543,5083,56,2,28,Intel Xeon Platinum 8280 2.70 GHz,12 x 16 GB,Huawei P/N 02312DEP,550
Huawei Technologies Co. Ltd,1,1U,13465,58600,53000,47000,41200,35200,29400,23500,17600,11800,588329,414,345,295,255,223,202,190,165,142,119,50.3,14153,15354,15923,16133,15826,14559,12361,10653,830,4965,56,2,28,Intel Xeon Platinum 8280 2.70 GHz,12 x 16 GB,Huawei P/N 02312DEP,550
Huawei Technologies Co. Ltd,1,2U,13490,58800,52900,47000,41100,35200,29400,23500,17600,11800,587940,415,346,295,252,223,20,189,165,142,119,49.9,14163,15298,15924,16341,15829,14683,12420,10669,8275,4943,56,2,28,Intel Xeon Platinum 8280 2.70 GHz,12 x 16 GB,Huawei P/N 02312DEP,550
Huawei Technologies Co. Ltd,1,2U,14224,61200,55400,48800,42700,36600,30500,24400,18300,12200,611346,419,329,279,248,226,194,190,165,142,119,52.2,14604,16824,17529,17195,16203,15692,12862,11077,8581,5129,56,2,28,Intel Xeon Platinum 8280 2.70 GHz,12 x 16 GB,Huawei P/N 02312DEP,550
Huawei Technologies Co. Ltd,1,2U,13478,58400,52600,46700,40800,35000,29200,23400,17500,11700,584445,437,341,280,249,220,198,180,161,142,123,50.3,13351,15413,16675,16386,15864,14702,13027,10885,8221,4765,56,2,28,Intel Xeon Platinum 8180 2.50 GHz,12 x 16 GB,Huawei P/N 02131255,550
Huawei Technologies Co. Ltd,1,2U,12968,59400,53600,47500,41600,35700,29700,23700,17800,11900,596165,461,381,313,277,233,201,182,162,142,120,49.6,12882,14083,15181,15029,15362,14739,13065,10985,8375,4957,56,2,28,Intel Xeon Platinum 8176,12 x 16 GB,Huawei P/N 02131255,550
Huawei Technologies Co. Ltd,1,2U,13398,56000,50400,44700,39200,33700,28100,22400,16900,11200,558842,423,328,271,238,210,192,174,157,139,120,48.9,13260,15364,1650,16484,16066,14634,12884,10732,8067,4640,56,2,28,Intel Xeon Platinum 8180 2.50 GHz,12 x 16 GB,Huawei P/N 02131255,550
Huawei Technologies Co. Ltd,1,4U,13388,58700,52900,46900,41000,35200,29300,23500,17600,11800,586448,414,346,298,254,227,204,189,166,142,119,50,14151,15270,15726,16101,15536,14378,12417,10618,8261,4945,56,2,28,Intel Xeon Platinum 8280 2.70 GHz,12 x 16 GB,Huawei P/N 02311TLF,90
Huawei Technologies Co. Ltd,1,4U,14071,61100,55500,48900,42800,36700,30600,24500,18300,12200,613020,422,336,283,256,236,194,188,165,142,119,51.5,14479,16499,17285,16712,15518,15728,13061,11111,8605,5156,56,2,28,Intel Xeon Platinum 8280 2.70 GHz,12 x 16 GB,Huawei P/N 02311TLF,90
Huawei Technologies Co. Ltd,1,2U,12212,40100,36200,32100,28100,24000,2000,16000,12000,802971,401091,329,277,228,187,164,145,131,117,101,83.7,43.5,12198,13078,14095,15026,14653,13793,12179,10242,7937,4793,40,2,20,Intel Xeon E5-2698 V4,8 x 8 GB,Huawei P/N 02131167,750
Huawei Technologies Co. Ltd,1,2U,1070,32100,28900,25700,22500,19300,16000,12900,965645,645694,320790,266,237,208,183,160,141,125,110,96.6,83.2,44.8,12068,12238,12389,12352,12061,11381,10369,8759,6682,3855,36,2,18,Intel Xeon E5-2699 v3 2.30 GHz,8 x 8 GB,Huawei P/N 02131167,750
Huawei Technologies Co. Ltd,4,4U,10653,159000,143000,129000,111000,95600,79600,63800,47700,31900,15900,1419,1213,1042,863,787,668,598,553,476,396,217,11229,11758,12367,12919,12158,11924,10676,8625,670,4012,160,8,20,Intel Xeon E5-2698 V4,8 x 8 GB,Shared,0
Huawei Technologies Co. Ltd,8,12U,5316,247000,223000,198000,173000,148000,124000,98800,74100,49500,24800,3868,3481,3032,2611,2340,2143,1971,1823,1674,1531,1080,6377,6393,6517,6619,6336,5764,5011,4064,2956,1618,256,16,16,Intel Xeon E5-2683 V4,16 x 32 GB,Shared,300
Huawei Technologies Co. Ltd,10,12U,5555,306000,276000,245000,215000,184000,153000,123000,92100,61500,30700,4425,4097,3654,3150,2817,2577,2391,2187,207,1821,1250,6920,6741,6716,6823,6538,5954,5130,4212,3062,1686,320,20,16,Intel Xeon E5-2683 V4,16 x 32 GB,Shared,300
Huawei Technologies Co. Ltd,4,2U,10261,151000,137000,121000,106000,90700,75600,60500,45500,30200,15100,1322,1132,966,852,764,705,645,579,502,419,232,11439,12124,12523,12416,11880,10713,9381,7851,6028,3615,176,8,22,Intel Xeon E5-2699 v4 2.20 GHz,8 x 8 GB,Shared,0
Inspur Corporation,1,1U,12167,58000,52400,46600,40700,34900,29100,23300,17400,11600,585602,458,406,342,283,249,216,193,169,141,119,51.3,12656,12897,13607,14388,13977,13478,12068,10292,8261,4911,56,2,28,Intel Xeon Platinum 8176 CPU 2.10 GHz (Intel Turbo Boost Technology up to 2.80 GHz),12 x 16 GB,Delta DPS-80AB-9X P/N:V07LP040000F,80
Inspur Corporation,1,2U,14365,58500,52800,46900,41000,35200,29300,23500,17600,11700,587248,410,332,278,247,217,184,156,142,123,108,48.6,14293,15924,16866,16646,16238,15907,15012,12434,9509,5428,56,2,28,Intel Xeon Platinum 8280 2.70 GHz,12 x 16 GB,Delta DPS-550AB-19 B P/N:ZMPS100105,550
Inspur Corporation,1,2U,12385,48600,43900,39100,34200,29300,24400,19500,14600,974045,485973,347,312,278,241,212,183,160,141,128,115,48.3,14014,14049,14062,14190,13808,13342,12215,10337,7640,4212,56,2,28,Intel Xeon Platinum 8276L 2.20 GHz,12 x 16 GB,Delta DPS-80AB-9X P/N:V07LP040000F,80
Inspur Corporation,1,2U,13481,57300,51800,46100,40200,34500,28800,23000,17200,11500,575314,432,345,273,236,212,193,179,166,141,120,49.5,13247,1501,16907,17045,16299,14940,12876,10404,8151,4807,56,2,28,Intel Xeon Platinum 8180 2.50 GHz,12 x 16 GB,Delta DPS-80AB-9X P/N:V07LP040000F,80
Inspur Corporation,1,2U,13064,58200,52500,46700,40900,35000,29100,23300,17500,11600,583592,454,374,305,265,228,198,176,160,133,113,49.4,12825,14045,15302,15423,15384,14693,13270,10936,8715,5183,56,2,28,Intel Xeon Platinum 8176,12 x 16 GB,Delta DPS-80AB-9X P/N:V07LP040000F,80
Inspur Corporation,1,4U,12198,99200,89500,79700,69600,59700,49700,39700,29900,2000,994857,726,645,546,477,421,371,333,303,273,233,158,13667,13886,14595,14603,14192,13392,11942,9886,7306,4268,112,4,28,Intel Xeon Platinum 8176,24 x 16 GB,GW-CRPS120 PN:V07LW020V0030F,120
Inspur Corporation,1,2U,12296,35600,32100,28600,25000,21400,17800,14300,10700,713846,357111,245,221,191,171,156,144,130,113,97.5,82.1,45.7,14567,14551,14951,14637,13676,12362,10988,9483,7325,4349,44,2,22,Intel Xeon E5-2699 v4 2.20 GHz,8 x 16 GB,Delta DPS-80AB-9X P/N:V07LP040000F,80
Lenovo Global Technology,1,1U,19422,66700,60200,53500,46800,40200,33500,26800,2000,13400,667801,254,228,213,198,186,178,168,155,136,114,63.2,26297,26461,25073,23631,21529,18849,15998,12907,9826,5834,64,1,64,AMD EPYC 7742 2.25 GHz,8 x 16384 MB,Lenovo P/N:SP57A03125,750
Lenovo Global Technology,1,1U,18555,63700,57500,51200,44700,38400,32100,25600,19200,12800,641297,255,228,214,198,186,178,167,150,130,114,74.6,25013,25267,23973,22556,20588,17980,15319,12852,9817,5601,64,1,64,AMD EPYC 7742 2.25 GHz,8 x 16384 MB,Lenovo P/N:SP57A03125,750
Lenovo Global Technology,1,1U,22467,12000,109000,96500,84400,72400,60300,48300,36200,24100,12100,403,360,336,313,292,271,251,231,209,183,99.5,29760,30177,28704,26981,24754,22241,19221,15650,11525,6583,128,2,64,AMD EPYC 7742 2.25 GHz,16 x 16384 MB,Lenovo P/N:SP57A14665,750
Lenovo Global Technology,1,1U,22877,122000,11000,98000,85800,73500,61300,49100,36700,24400,12200,404,360,339,315,294,271,252,232,209,183,82.5,30138,30567,28917,27241,25050,22578,19486,15832,11675,6672,128,2,64,AMD EPYC 7742 2.25 GHz,16 x 16384 MB,Lenovo P/N:SP57A14665,750
Lenovo Global Technology,1,1U,22642,12000,108000,96000,84100,72200,60100,48000,36000,24000,12000,398,355,331,309,290,270,250,229,208,183,94,3034,30452,29047,27180,24919,22299,19244,15714,11544,6586,128,2,64,AMD EPYC 7742 2.25 GHz,16 x 16384 MB,Lenovo P/N:4P57A26293,110
Lenovo Global Technology,1,1U,23082,122000,11000,97500,85800,73500,61100,49100,36700,24500,12200,40,355,330,311,291,271,251,230,208,182,84,30477,31051,29540,27582,25212,22560,19553,15959,11786,6713,128,2,64,AMD EPYC 7742 2.25 GHz,16 x 16384 MB,Lenovo P/N:4P57A26293,110
Lenovo Global Technology,1,2U,20176,66500,60100,53400,46800,4000,33400,26700,2000,13300,665861,240,218,202,189,178,170,160,151,134,111,66.1,27704,27616,26419,24780,22537,19684,16682,13245,9950,5979,64,1,64,AMD EPYC 7742 2.25 GHz,8 x 16384 MB,Lenovo P/N:SP57A03125,750
Lenovo Global Technology,1,2U,19149,64200,58100,51600,45100,38700,32300,25800,19300,12900,644115,243,219,204,190,180,170,159,148,138,123,76.8,26446,26508,25352,23732,21471,18988,16196,13025,9350,5252,64,1,64,AMD EPYC 7742 2.25 GHz,8 x 16384 MB,Lenovo P/N:SP57A03125,750
Lenovo Global Technology,1,2U,23191,122000,11000,97600,85300,73200,61000,48800,36600,24400,12200,395,352,332,309,288,268,249,228,205,181,82.3,30749,31164,29377,2760,25362,22786,19611,16037,11858,6754,128,2,64,AMD EPYC 7742 2.25 GHz,16 x 16384 MB,Lenovo P/N:SP57A14665,750
Lenovo Global Technology,1,2U,22879,12000,109000,96200,84400,72300,60200,48200,36200,24100,12100,394,353,328,308,288,268,248,228,206,181,92.4,30410,30786,29349,27411,25093,22520,19436,15872,11677,6660,128,2,64,AMD EPYC 7742 2.25 GHz,16 x 16384 MB,Lenovo P/N:SP57A14665,750
Lenovo Global Technology,1,2U,23428,122000,11000,97300,85500,73300,61200,48800,36600,24400,12200,391,349,325,306,286,267,246,226,205,180,82.8,31106,31461,29931,27996,25580,22922,19844,16195,11929,6793,128,2,64,AMD EPYC 7742 2.25 GHz,16 x 16384 MB,Lenovo P/N:4P57A26293,110
Lenovo Global Technology,1,2U,22903,119000,108000,95900,84000,72000,6000,48000,35900,24000,12000,392,350,329,305,285,265,246,227,205,180,93.9,30496,30872,29115,27519,25239,22596,19535,15868,11683,6659,128,2,64,AMD EPYC 7742 2.25 GHz,16 x 16384 MB,Lenovo P/N:4P57A26293,110
Lenovo Global Technology,4,2U,12377,197000,178000,158000,138000,116000,98900,79100,59200,39500,19800,1324,1191,1064,942,836,761,688,618,547,471,315,14878,14932,14848,14668,13933,1302,11485,9579,7227,4194,224,8,28,Intel Xeon Platinum 8276L 2.20 GHz,12 x 16 GB,Shared,0
Lenovo Global Technology,4,2U,11756,199000,182000,161000,141000,121000,101000,80500,60400,40400,20200,1474,1313,1150,1016,911,822,740,663,583,498,241,13473,13879,14027,13893,13265,12265,10881,9114,6923,4050,224,8,28,Intel Xeon Platinum 8176,12 x 16 GB,Shared,0
Lenovo Global Technology,4,2U,11472,196000,18000,16000,14000,12000,10000,8000,6000,39900,2000,1434,1324,1179,1042,929,838,758,678,597,512,256,13638,13596,13567,13422,12902,11929,10551,8853,6690,3911,224,8,28,Intel Xeon Platinum 8176,12 x 16 GB,Shared,0
Lenovo Global Technology,14,10U,10738,694000,634000,561000,491000,421000,351000,281000,21000,14000,70100,5288,508,4612,3879,3357,3036,2743,2458,2184,1885,1446,13133,12663,12172,12658,12544,11560,10230,8564,6421,3720,784,28,28,Intel Xeon Platinum 8176,12 x 16 GB,Shared,0
Lenovo Global Technology,7,10U,12295,71000,632000,569000,498000,427000,356000,285000,214000,142000,71200,4985,4338,3879,3455,3075,2723,2458,2202,1939,1651,1052,14249,14571,14654,14417,13895,13070,11587,9708,7348,4313,784,28,28,Intel Xeon Platinum 8276L 2.20 GHz,24 x 16 GB,Shared,0
Lenovo Global Technology,7,10U,11538,706000,641000,571000,498000,428000,357000,286000,214000,143000,71400,5366,4683,4141,3670,3302,2982,2681,2391,2102,1801,820,13159,13693,13795,13568,12977,11969,10656,8961,6787,3965,784,28,28,Intel Xeon Platinum 8176,24 x 16 GB,Shared,0
Lenovo Global Technology,1,1U,10273,836281,754110,669931,588192,501031,422806,335688,252321,167971,84612,87.2,68.8,55.6,46.3,40.4,35,29.9,26,22.8,20,16.8,9587,10961,12042,12715,12387,12068,11224,9688,7353,4228,6,1,6,Intel Xeon E-2176G,2 x 16 GB,DELTA LN SP57A36869,30
Lenovo Global Technology,1,1U,11870,49600,44300,39600,34800,29900,24900,2000,14900,996750,496445,355,308,277,254,230,206,183,160,138,115,72.3,13985,14360,14296,13722,12983,12063,10914,9322,7209,4310,56,2,28,Intel Xeon Platinum 8176,12 x 16 GB,Lenovo P/N:7N67A0884,750
Lenovo Global Technology,1,2U,12091,49700,44300,39600,34900,29900,24900,19900,14900,996513,497750,352,305,273,250,225,201,178,157,136,114,67.7,14117,14513,14490,13973,13306,12395,11211,9490,7325,4372,56,2,28,Intel Xeon Platinum 8176,12 x 16 GB,Lenovo P/N:7N67A0884,750
Lenovo Global Technology,1,2U,11406,25300,22900,20300,17800,15200,12700,10100,763471,509202,253847,183,163,144,129,117,106,97.4,88.8,79.8,70.3,45.6,13841,14066,14089,13783,13031,11908,10408,860,6379,3611,28,1,28,Intel Xeon Platinum 8176 CPU 2.10 GHz (Intel Turbo Boost Technology up to 2.80 GHz),6 x 16384 MB,Lenovo P/N:7N67A0884,750
Lenovo Global Technology,1,2U,12336,50300,45700,40400,35400,30300,25200,20200,15200,10100,504275,357,314,273,242,217,197,177,159,139,119,57.7,14070,14560,14778,14635,13964,12846,11379,9550,7242,4249,56,2,28,Intel Xeon Platinum 8176 CPU 2.10 GHz (Intel Turbo Boost Technology up to 2.80 GHz),12 x 16384 MB,Lenovo P/N:7N67A0884,750
Lenovo Global Technology,1,2U,11631,26300,24000,21400,18600,16000,13400,10700,797725,533114,265897,177,164,150,136,124,112,101,91.1,81,71.1,50,14850,14654,14234,13675,12915,11888,10540,8761,6583,3742,28,1,28,Intel Xeon Platinum 8280 2.70 GHz,6 x 16384 MB,Lenovo P/N:7N67A0884,750
Lenovo Global Technology,1,2U,13357,102000,90700,81600,71600,61200,51100,40900,30700,20500,10200,672,584,521,463,409,361,320,283,246,218,121,15218,15532,15655,15460,14954,14162,12784,10843,8326,4695,112,4,28,Intel Xeon Platinum 8276L 2.20 GHz,24 x 16384 MB,Lenovo P/N:7N67A0883,750
Lenovo Global Technology,1,2U,13010,101000,92600,81900,71600,61500,51200,41000,30700,20500,10200,688,614,532,467,416,374,337,301,266,228,95.8,14617,15079,15399,15354,14780,13693,12151,10177,7718,4495,112,4,28,Intel Xeon Platinum 8176 CPU 2.10 GHz (Intel Turbo Boost Technology up to 2.80 GHz),24 x 16384 MB,Lenovo P/N:7N67A0885,110
Lenovo Global Technology,1,2U,13154,103000,94100,83700,73200,62800,52300,41800,31400,20900,10400,711,625,547,477,418,370,331,294,256,217,119,14566,15061,15314,15345,15025,14121,12637,10684,8141,4807,112,4,28,Intel Xeon Platinum 8276L 2.20 GHz,24 x 16384 MB,Lenovo P/N:7N67A0886,160
Lenovo Global Technology,1,4U,12886,20000,18000,16000,14000,12000,10000,80100,60100,4000,2000,1329,1178,1046,931,823,731,660,592,523,449,281,15029,15277,15313,15067,14604,1370,12138,10149,7656,4457,224,8,28,Intel Xeon Platinum 8276L 2.20 GHz,48 x 16 GB,Lenovo P/N:7N67A0885,110
Lenovo Global Technology,1,4U,12377,204000,184000,163000,143000,123000,102000,81700,61300,40900,20400,1479,1275,1122,990,875,791,710,631,552,469,182,13763,14422,14561,14467,1406,12915,11517,9715,7413,4360,224,8,28,Intel Xeon Platinum 8176,48 x 16 GB,Lenovo LN SP50L09210,160
New H3C Technologies Co. Ltd.,15,Other,11047,853000,769000,685000,598000,513000,428000,342000,257000,171000,85500,7561,6574,5451,4627,3965,3444,3056,2702,2337,1950,891,11286,11703,12563,12932,12934,12418,11190,9495,7317,4382,840,30,28,Intel Xeon Platinum 8180 2.50 GHz,12 x 16384 MB,Shared,0
New H3C Technologies Co. Ltd.,16,Other,11066,91000,82000,729000,638000,547000,456000,364000,273000,182000,91100,7967,6979,5791,4933,4232,3681,3263,2888,2501,2089,959,11419,11749,12587,12942,12923,12387,11166,9465,7285,4359,896,32,28,Intel Xeon Platinum 8180 2.50 GHz,12 x 16384 MB,Shared,0
New H3C Technologies Co. Ltd.,10,Other,10954,569000,513000,456000,399000,342000,285000,228000,171000,114000,57000,4993,4383,3641,3117,2673,2332,2073,1837,1592,1335,631,11398,11702,12523,12801,12790,12220,10987,9308,7160,4271,560,20,28,Intel Xeon Platinum 8180 2.50 GHz,12 x 16384 MB,Shared,0
New H3C Technologies Co. Ltd.,11,Other,1100,626000,564000,501000,439000,376000,313000,251000,188000,125000,62600,5479,4812,405,3410,2932,2552,2265,205,1739,1455,681,11422,11727,12516,12869,12831,12283,11073,9374,7214,4305,616,22,28,Intel Xeon Platinum 8180 2.50 GHz,12 x 16384 MB,Shared,0
New H3C Technologies Co. Ltd.,12,Other,1101,683000,616000,547000,479000,41000,342000,274000,205000,137000,68400,5999,5261,4380,3725,3195,2775,2470,2183,1892,1584,735,11387,11702,12496,12859,12849,12334,11089,9403,7232,4316,672,24,28,Intel Xeon Platinum 8180 2.50 GHz,12 x 16384 MB,Shared,0
New H3C Technologies Co. Ltd.,13,Other,10996,741000,667000,593000,519000,445000,371000,297000,222000,148000,74100,6532,5721,4743,4032,3461,307,2674,2363,2045,1710,787,11338,11663,1250,12867,12859,12325,11098,9411,7250,4336,728,26,28,Intel Xeon Platinum 8180 2.50 GHz,12 x 16384 MB,Shared,0
New H3C Technologies Co. Ltd.,14,Other,11046,798000,719000,639000,559000,479000,399000,319000,24000,16000,8000,7031,6137,5076,4325,3723,3222,2862,2530,2187,1828,838,11344,11710,12586,12933,12878,12393,11157,9474,7306,4374,784,28,28,Intel Xeon Platinum 8180 2.50 GHz,12 x 16384 MB,Shared,0
New H3C Technologies Co. Ltd.,8,Other,10820,455000,411000,365000,319000,274000,228000,182000,137000,91300,45600,3982,3603,2987,2558,2199,1904,1668,1464,1263,1057,498,11424,11398,12219,12480,12454,11986,10938,9363,7228,4317,448,16,28,Intel Xeon Platinum 8180 2.50 GHz,12 x 16384 MB,Shared,0
New H3C Technologies Co. Ltd.,9,Other,10780,511000,461000,41000,359000,307000,256000,205000,154000,103000,51300,4479,4072,3393,2887,2477,2144,1875,1644,1419,1190,558,11408,11327,12085,12431,12415,11959,10935,9356,7226,4307,504,18,28,Intel Xeon Platinum 8180 2.50 GHz,12 x 16384 MB,Shared,0
New H3C Technologies Co. Ltd.,1,2U,13107,119000,107000,95300,83600,71700,59600,47800,36100,23900,11900,915,735,624,546,475,410,364,324,282,238,94.2,13031,14581,15288,1530,15091,14536,13116,11143,8479,5013,112,4,28,Intel Xeon Platinum 8280L 2.70 GHz,24 x 16 GB,DELTA PSR850-12A,850
New H3C Technologies Co. Ltd.,1,2U,12190,116000,105000,93200,81400,69900,58100,46600,34900,23300,11600,956,779,662,574,497,429,380,335,291,248,99.6,12164,13436,14085,14181,14053,13548,12261,10416,8022,4699,112,4,28,Intel Xeon Platinum 8180 2.50 GHz,24 x 16 GB,DELTA PSR850-12A,850
New H3C Technologies Co. Ltd.,1,2U,12747,121000,109000,96800,84600,72700,60600,48400,36300,24200,12100,963,793,659,566,489,422,372,332,289,242,95.5,12574,13739,14681,14962,14872,14340,1303,10944,8379,4993,112,4,28,Intel Xeon Platinum 8280L 2.70 GHz,24 x 16 GB,DELTA PSR850-12A,850
New H3C Technologies Co. Ltd.,1,2U,11964,115000,103000,91700,80400,68900,57400,46000,34400,22900,11500,957,787,665,576,497,431,383,339,294,245,99.8,11973,13125,13794,13963,13855,13302,1201,10149,780,4680,112,4,28,Intel Xeon Platinum 8180 2.50 GHz,24 x 16 GB,DELTA PSR850-12A,850
New H3C Technologies Co. Ltd.,1,2U,12368,56900,51300,45700,39900,34200,28500,22800,17100,11400,570324,430,372,325,281,242,210,185,163,143,126,58.4,13228,13813,14089,14230,14108,13560,12301,10465,7972,4531,56,2,28,Intel(R) Xeon(R) Platinum 8180 CPU @2.50 GHz,12 x 8 GB,DELTA DPS-80AB-9 P/N 0202A1DC,80
Nokia Corporation,5,3U,6183,74100,66700,59300,51900,44500,37000,29700,22200,14800,742987,877,804,752,703,655,608,560,512,463,411,247,8453,8291,7884,7378,6792,6092,5295,4343,3198,1806,10,5,20,Intel(R) Xeon(R) Gold 6210U CPU @ 2.50 GHz,4 x 16 GB,Shared,0
Quanta Computer Inc.,1,2U,11568,33800,30100,26900,23700,2000,16500,13600,10200,677618,338889,247,217,191,169,149,135,134,119,104,87.7,46.6,13706,13859,14099,14013,13451,12269,10102,8512,6544,3866,44,2,22,Intel Xeon E5-2699 v4 2.20 GHz,8 x 8 GB,Quanta P/N 1HY9ZZZ0291,50
Quanta Computer Inc.,1,2U,12047,54600,49900,44300,38800,33200,27700,22200,16600,11100,553417,454,398,331,274,238,203,178,156,135,114,40.3,12019,12532,13389,14138,13941,13618,12474,10662,8193,4846,56,2,28,Intel Xeon Platinum 8180 2.50 GHz,12 x 16384 MB,ARTESYN MC80B6-3-4R-02,80
Quanta Computer Inc.,1,2U,13613,58500,52900,47100,41000,35200,29400,23500,17700,11800,591393,414,356,309,264,229,197,173,152,131,110,37.7,14154,14845,15256,15520,15366,14894,13595,11616,8981,5396,56,2,28,Intel Xeon Platinum 8280L 2.70 GHz,12 x 8 GB,ARTESYN MC80B6-3-4R-02,80
Quanta Computer Inc.,1,2U,12801,56000,51100,45500,40100,34100,28400,22700,17100,11400,569455,401,361,318,279,239,207,181,159,138,115,38.4,13964,14159,14281,14389,14230,13729,12509,10709,8251,4958,56,2,28,Intel Xeon Platinum 8180 2.50 GHz (Intel Turbo Boost Technology up to 3.8GHz),12 x 8 GB,Murata MPS8146,80
Quanta Computer Inc.,1,2U,12438,56500,50900,45400,39600,34100,28300,22700,17000,11300,566437,426,383,334,278,240,208,182,160,138,116,39.5,13280,13286,13579,14248,14185,13651,12462,10616,8196,4895,56,2,28,Intel Xeon Platinum 8180 2.50 GHz,12 x 16384 MB,ARTESYN MC80B6-3-4R-02,80
Quanta Computer Inc.,1,1U,7908,474667,429153,383647,333845,285081,238443,191599,142793,94822,47303,47.9,44.6,40.4,36,32.1,28.9,26.1,22.7,20.4,18,14.4,9914,9626,9488,9273,8872,8262,7345,6279,4651,2631,4,1,4,Intel E3-1260L v5,2 x 8192 MB,Quanta P/N 1HY9ZZZ063C,50
Quanta Computer Inc.,4,2U,11444,195000,176000,156000,137000,117000,97800,78200,58600,39100,19600,1478,1367,1208,1033,894,80,719,640,562,480,206,13179,12874,12932,13234,13119,12217,10879,9160,6957,4077,224,8,28,Intel Xeon Platinum 8176,12 x 16384 MB,None,220
Sugon,1,2U,10831,43600,39600,35100,30700,26400,21900,17600,13200,879550,438584,296,279,258,233,212,196,183,171,159,145,94.9,14729,14170,13597,13205,12467,11183,9579,7692,5539,3019,64,2,32,AMD EPYC 7601 2.20 GHz,16 x 8 GB,Sugon 80W 80 Plus Platinum PSU(P/N:Sugon 3300132),80
Sugon,1,2U,6507,27200,24600,21800,19100,16400,13700,10900,821743,549429,272764,278,265,250,238,225,213,201,190,179,166,103,9773,9254,8733,8043,7298,6427,5451,4324,3064,1642,32,2,16,AMD EPYC 7351,16 x 8 GB,ARTESYN 550W PSU(P/N:CSU550AP-3-20),550
Sugon,1,2U,9248,42100,38100,33900,29600,25400,21100,17000,12700,846248,422942,307,295,282,268,249,232,217,203,188,171,103,13724,12941,12011,11064,10178,9117,7804,6262,4498,2470,64,2,32,AMD EPYC 7501 2.0 GHz,16 x 8 GB,ARTESYN 550W PSU(P/N:CSU550AP-3-20),550
Sugon,1,2U,8079,24500,22400,19900,17400,14900,12400,993670,746439,496618,247432,245,227,20,172,157,146,137,127,117,107,51.9,9983,9828,9959,10122,9485,8485,7277,5883,4244,2318,28,2,14,Intel Xeon Gold 5117,12 x 16 GB,ARTESYN 550W PSU(P/N:CSU550AP-3-20),550
Sugon,1,2U,9230,35400,32200,28600,25100,21400,17900,14300,10700,716615,358898,343,318,279,228,194,173,156,142,128,113,52.4,10308,10137,10235,10974,11047,10360,9146,7562,5588,3174,36,2,18,Intel Xeon Gold 6140,12 x 16 GB,ARTESYN 550W PSU(P/N:CSU550AP-3-20),550
Sugon,1,2U,9825,39800,36200,32300,28100,24100,20100,16100,12100,80690,402209,364,334,295,243,206,183,167,150,134,117,53.1,10928,10839,10941,11559,11707,10958,9660,8016,5975,3430,44,2,22,Intel Xeon Gold 6152,12 x 16 GB,ARTESYN 550W PSU(P/N:CSU550AP-3-20),550
Sugon,1,2U,12306,57400,52500,46600,40800,35000,29300,23300,17500,11700,58610,450,378,320,284,254,221,194,171,149,125,54.6,12746,13873,14550,1440,13797,13249,12023,10265,7854,4681,56,2,28,Intel Xeon Platinum 8180 2.50 GHz,12 x 16 GB,ARTESYN 550W PSU(P/N:CSU550AP-3-20),550
Sugon,1,2U,10255,43900,39800,35400,31000,26500,22100,17700,13200,886639,442556,387,354,312,258,218,194,174,157,140,121,53.4,11329,11240,11339,1203,12164,11405,10152,8437,6348,3659,48,2,24,Intel Xeon Platinum 8160,12 x 16 GB,ARTESYN 550W PSU(P/N:CSU550AP-3-20),550
Sugon,1,2U,9939,31600,28700,25500,22300,19100,15900,12700,954090,634351,318891,264,240,217,196,175,156,139,122,107,91.3,52.5,11964,11976,11745,11383,10908,10186,9166,7806,5933,3491,36,2,18,Intel Xeon E5-2699 v3 2.30 GHz,8 x 16 GB,GW-CRPS550 PN:1197317,550
Sugon,1,2U,11573,53500,48900,43400,38000,32600,27200,21800,16300,10900,545079,419,375,328,286,248,216,192,170,148,126,67.2,12754,13049,13247,13281,13158,12572,11344,9603,7332,4338,56,2,28,Intel Xeon Platinum 8180 2.50 GHz,12 x 16 GB,Sugon 80W PSU(SN:3300132),80
Supermicro Inc.,1,1U,804,29400,26500,23600,20600,17700,14800,11800,883970,591825,294178,302,272,246,221,198,178,159,140,124,108,75.9,9723,9753,9592,9303,8914,8306,7434,630,4777,2730,36,2,18,Intel Xeon E5-2699 v3 2.30 GHz,8 x 4096 MB,PWS-704P-1R,70
Supermicro Inc.,1,1U,12265,56600,50900,45800,39600,34000,28300,22700,17000,11300,566825,426,359,318,277,243,214,192,172,151,128,61.8,13290,14187,14401,14278,13960,13201,11818,9914,7495,4412,56,2,28,Intel Xeon Platinum 8280L 2.70 GHz,12 x 32 GB,PWS-751P-1R (S/N:P751PCH16A0814),750
Supermicro Inc.,1,1U,11960,55700,49900,44600,38900,33400,27900,22300,16700,11200,561044,423,357,316,277,242,215,198,178,156,133,64.2,13162,13996,14098,14068,13770,12962,11269,9339,7170,4210,56,2,56,Intel Xeon Platinum 8180 2.50 GHz,12 x 16 GB,PWS-751P-1R,750
Supermicro Inc.,1,1U,0,528348,475865,425414,370835,317297,266533,212152,159918,104883,53168,47.6,46.9,44.9,41.2,36.5,32.1,28.2,24.3,21.4,18.6,14.8,11088,10155,9466,8997,8685,8297,7523,6571,4890,2854,4,1,4,Intel E3-1260L v5,2 x 8192 MB,PWS-350-1H,350
Supermicro Inc.,1,1U,0,623049,559499,501557,436132,374391,314798,250953,185688,124796,62065,66,65.5,62,54.8,46,37.1,31.3,26.5,23,19.7,15,9438,8541,8092,7961,8140,8476,8022,6997,5425,3151,4,1,4,Intel E3-1270 v5,2 x 8192 MB,PWS-350-1H,350
Supermicro Inc.,1,1U,0,527668,475386,421830,369665,319162,264613,210723,156849,105982,52863,51.1,50.5,47.8,45,40.5,35.7,31.9,30.1,27.2,24.3,19.9,10326,9419,8816,8212,7879,7419,6607,5219,3897,2176,4,1,4,Intel E3-1260L v5,2 x 8192 MB,PWS-407P-1R,40
Supermicro Inc.,1,3U,8274,31600,28600,25400,22200,19100,15900,12700,956240,636825,317613,303,279,257,233,209,187,167,148,131,114,82.5,10442,10237,9890,9534,9123,8483,7628,6446,4864,2796,36,0,18,Intel Xeon E5-2699 v3 2.30 GHz,16 x 4096 MB,PWS-982-1R,980
Supermicro Inc.,1,1U,19391,113000,102000,91100,79600,68300,57000,45500,34100,22900,11400,412,389,368,346,324,302,282,260,237,209,99.2,27544,26303,24786,23021,21085,18865,16162,13125,9649,5457,128,2,64,AMD EPYC 7702 2.0 GHz,16 x 32 GB,PWS1K02A-1R (P/N:P1K0ACI15LN1013),100
Supermicro Inc.,1,1U,10206,44100,39700,35300,30800,26500,22000,17700,13200,881725,438483,303,282,266,251,236,220,204,189,173,154,98.4,14549,14061,13266,12293,11239,1015,8637,7015,5106,2843,64,2,32,AMD EPYC 7501 2.0 GHz,16 x 32 GB,PWS-1K02A-1R (P/N:P1K0ACI15LN1014),100
Supermicro Inc.,1,2U,13623,55500,49400,43800,38300,33000,27700,22200,16700,11100,552954,385,309,271,237,212,189,170,153,135,116,48.6,14386,15981,16166,16163,15607,14650,13041,10883,8260,4781,56,2,28,Intel Xeon Platinum 8280 2.70 GHz,12 x 16 GB,PWS-802A-1R (S/N:P802ACH19A0324),80
Supermicro Inc.,1,2U,13295,56200,49800,44300,39000,33700,27900,22600,17000,11300,565016,416,325,280,246,217,194,175,156,137,118,48.1,13505,15341,15807,15839,15509,14409,12920,10869,8218,480,56,2,28,Intel Xeon Platinum 8276M 2.20 GHz,12 x 16 GB,PWS-802A-1R (S/N:P802ACH19A0324),80
